test_0000	22179882.48
test_0001	26348678.1
test_0002	25584008.13
test_0003	27539137.05
test_0004	27309892.98
test_0005	25421661.51
test_0006	27173511.2
test_0007	25827893.59
test_0008	26244293.42
test_0009	29162278.42
test_0010	27232871.89
test_0011	32003151.74
test_0012	36403341.01
test_0013	39061193.74
test_0014	28085533.01
test_0015	27806588.28
test_0016	20291323.63
test_0017	20586218.13
test_0018	19100283.59
test_0019	20873143.62
test_0020	20873143.62
test_0021	19980731.21
test_0022	20788302.04
test_0023	18340082.3
test_0024	20698136.16
test_0025	19980731.21
test_0026	20283430.97
test_0027	19989228.74
test_0028	21026507.35
test_0029	20018917.05
test_0030	20614405.79
test_0031	19208274.63
test_0032	20322236.97
test_0033	20166454.37
test_0034	19848561.44
test_0035	28014936.27
test_0036	30894520.18
test_0037	27579154.96
test_0038	31205704.79
test_0039	28311329.85
test_0040	31310089.46
test_0041	28311329.85
test_0042	32185679.22
test_0043	32185679.22
test_0044	28311329.85
test_0045	28311329.85
test_0046	19577322.1
test_0047	21435590.71
test_0048	25635820.44
test_0049	25746995.78
test_0050	25635820.44
test_0051	18020076.95
test_0052	38020005.89
test_0053	37835298.07
test_0054	38020005.89
test_0055	34824580.44
test_0056	27540558.74
test_0057	28241398.8
test_0058	33878543.87
test_0059	33274673.54
test_0060	34824580.44
test_0061	29561077.62
test_0062	40287896.62
test_0063	38935969.37
test_0064	25867055.15
test_0065	27351254.47
test_0066	27343361.81
test_0067	27512935.74
test_0068	24085036.28
test_0069	23267398.27
test_0070	23001044.46
test_0071	28622754.81
test_0072	25222825.31
test_0073	29254184.55
test_0074	27998900.4
test_0075	30007401.43
test_0076	28051117.05
test_0077	32454565.21
test_0078	21069017.39
test_0079	32090717.73
test_0080	27133025.53
test_0081	18349159.09
test_0082	20944583.88
test_0083	28561634.69
test_0084	26143872.54
test_0085	26143872.54
test_0086	26143872.54
test_0087	32964085.62
test_0088	32488668.39
test_0089	30125087.64
test_0090	32626244.29
test_0091	29426681.44
test_0092	29599361.7
test_0093	32188385.56
test_0094	30993229.36
test_0095	32323558.81
test_0096	29528092.21
test_0097	29477695.43
test_0098	31073630.82
test_0099	28267142.65
test_0100	32277771.12
test_0101	28123025.86
test_0102	25881234.89
test_0103	25967463.85
test_0104	29244367.26
test_0105	29028710.8
test_0106	29244367.26
test_0107	25881234.89
test_0108	29244367.26
test_0109	25881234.89
test_0110	25881234.89
test_0111	29244367.26
test_0112	30407988.79
test_0113	29910672.32
test_0114	27716413.14
test_0115	31565412.88
test_0116	22703046.24
test_0117	24726460.17
test_0118	24625533.25
test_0119	23719085.12
test_0120	28989540.28
test_0121	29319629.02
test_0122	27913097.63
test_0123	32463539.08
test_0124	26915837.62
test_0125	27274719.78
test_0126	26408081.79
test_0127	23172478.48
test_0128	26207809.62
test_0129	24011206.48
test_0130	25567910.26
test_0131	22835700.57
test_0132	23916374.43
test_0133	26087359.21
test_0134	22768443.22
test_0135	26312575.47
test_0136	25447459.85
test_0137	23009791.92
test_0138	25156010.22
test_0139	26312575.47
test_0140	26207809.62
test_0141	26255092.32
test_0142	26074289.52
test_0143	32587885.84
test_0144	33045002.63
test_0145	26919673.15
test_0146	27944803.09
test_0147	37868242.6
test_0148	37868242.6
test_0149	27651069.14
test_0150	32535089.13
test_0151	23184232.95
test_0152	22215727.5
test_0153	25955887.62
test_0154	25361290.34
test_0155	33545628.28
test_0156	28730787.72
test_0157	28739690.09
test_0158	27672035.97
test_0159	27805658.03
test_0160	25712517.6
test_0161	25153188.72
test_0162	24793827.32
test_0163	31527127.53
test_0164	34605964.41
test_0165	28413616.45
test_0166	28229905.99
test_0167	16365582.81
test_0168	27623710.07
test_0169	25950946.11
test_0170	26766463.99
test_0171	25248922.05
test_0172	25888237.52
test_0173	24474402.6
test_0174	23848640.66
test_0175	29023559.65
test_0176	27410190.89
test_0177	27504069.43
test_0178	19925581.42
test_0179	21080666.72
test_0180	28744224.43
test_0181	29810890.68
test_0182	20735902.35
test_0183	26792087.09
test_0184	25069947.83
test_0185	25069947.83
test_0186	42773805.03
test_0187	37800004.09
test_0188	30370068.76
test_0189	28188011.33
test_0190	27844140.19
test_0191	31117131.58
test_0192	31497815.35
test_0193	20082611.04
test_0194	26786981.39
test_0195	26871436.6
test_0196	27508707.9
test_0197	20553341.1
test_0198	30527461.37
test_0199	30275444.18
test_0200	34109829.19
test_0201	50385282.03
test_0202	36605354.4
test_0203	23244500.65
test_0204	32378724.9
test_0205	22078722.08
test_0206	22078722.08
test_0207	19567513.82
test_0208	26626889.78
test_0209	25514662.55
test_0210	31518711.2
test_0211	26940199.5
test_0212	20156506.1
test_0213	19115493.64
test_0214	18798893.57
test_0215	18663372.41
test_0216	19248868.32
test_0217	18836965.93
test_0218	19140086.68
test_0219	18894294.25
test_0220	19113347.15
test_0221	19140086.68
test_0222	21892463.05
test_0223	23371470.9
test_0224	23755931.88
test_0225	23191776.61
test_0226	23755931.88
test_0227	23191776.61
test_0228	37491133.75
test_0229	37646329.34
test_0230	20414259.93
test_0231	30923868.58
test_0232	26486665.41
test_0233	28541244.58
test_0234	31525456.34
test_0235	31574585.43
test_0236	26486665.41
test_0237	29741962.41
test_0238	28153792.51
test_0239	27718792.96
test_0240	27502885.01
test_0241	25094246.21
test_0242	31150073.13
test_0243	32797901.5
test_0244	31387409.5
test_0245	29872264.01
test_0246	32210440.42
test_0247	32472267.96
test_0248	31594551.97
test_0249	29813943.65
test_0250	29792285.29
test_0251	29069297.21
test_0252	29715239.02
test_0253	29813943.65
test_0254	32833147.21
test_0255	33204200.47
test_0256	33136133.82
test_0257	33243846.74
test_0258	34871999.99
test_0259	32310482.34
test_0260	39278328.71
test_0261	40803531.35
test_0262	39861765.31
test_0263	27165314.29
test_0264	21426001.87
test_0265	27470425.61
test_0266	16896885.8
test_0267	23963267.28
test_0268	27458327.06
test_0269	27458327.06
test_0270	28090893.67
test_0271	27785744.19
test_0272	27695586.19
test_0273	24468670.55
test_0274	27695586.19
test_0275	27686505.84
test_0276	27368169.06
test_0277	21953171.18
test_0278	32371885.49
test_0279	26065042.07
test_0280	30016398.88
test_0281	23941274.51
test_0282	23941274.51
test_0283	30228170.97
test_0284	28566535.15
test_0285	27957807.32
test_0286	29384214.83
test_0287	29742315.24
test_0288	29073530.97
test_0289	34305965.54
test_0290	28666161.86
test_0291	33045437.65
test_0292	29348781.33
test_0293	31724360
test_0294	23956129.68
test_0295	35145219.59
test_0296	32904595.76
test_0297	32780312.67
test_0298	41307545.57
test_0299	41703483.5
test_0300	40774933.08
test_0301	40156979.51
test_0302	36062121.2
test_0303	20363502.1
test_0304	26586900.03
test_0305	32465815.41
test_0306	30839706.84
test_0307	30608524.07
test_0308	24048580.97
test_0309	19904717.46
test_0310	30364289.33
test_0311	24311755.01
test_0312	20518834.61
test_0313	20960565.31
test_0314	21245878.83
test_0315	26334273.68
test_0316	24473434.39
test_0317	26748863.85
test_0318	26158008.99
test_0319	32280775.41
test_0320	30601288.15
test_0321	30754774.47
test_0322	33314832.01
test_0323	24813171.35
test_0324	17303562.19
test_0325	20170537.77
test_0326	23961778.84
test_0327	24882391.35
test_0328	28803656.63
test_0329	23453914.41
test_0330	23845084.01
test_0331	28224049.17
test_0332	22208426.28
test_0333	50790509.62
test_0334	28491711.45
test_0335	30143126.19
test_0336	23441611.76
test_0337	33461478.91
test_0338	28618049.23
test_0339	34707713.66
test_0340	18802424.11
test_0341	19171551.81
test_0342	18796516
test_0343	18796516
test_0344	17103295.33
test_0345	16802595.69
test_0346	17103295.33
test_0347	16649331.27
test_0348	16649331.27
test_0349	22386199.41
test_0350	21648342.29
test_0351	22013893.26
test_0352	23534724.18
test_0353	26881924.57
test_0354	38436461
test_0355	37680480.39
test_0356	20743170.09
test_0357	26267034.3
test_0358	27588364.74
test_0359	23019268.53
test_0360	23332636.57
test_0361	29074904.95
test_0362	29074904.95
test_0363	27800086.12
test_0364	28007494.68
test_0365	20899903.02
test_0366	30663904.9
test_0367	31318675.43
test_0368	30146136.95
test_0369	30148354.35
test_0370	30041752.28
test_0371	30827841.13
test_0372	31648630.26
test_0373	33634828.57
test_0374	31648630.26
test_0375	32856522.3
test_0376	30286284.44
test_0377	24012831.24
test_0378	30000958.35
test_0379	26665961.63
test_0380	20882346.08
test_0381	20187949.33
test_0382	21103766.81
test_0383	20643354.52
test_0384	21434276.48
test_0385	21399893.04
test_0386	20926290.27
test_0387	21046898.96
test_0388	21515103.05
test_0389	21757032.76
test_0390	20865880.98
test_0391	24608412.65
test_0392	31049121.96
test_0393	31098546.79
test_0394	31049121.96
test_0395	31297690.82
test_0396	30934450.14
test_0397	27855034.82
test_0398	27483839.25
test_0399	28178362.97
test_0400	24613554.7
test_0401	23648951.91
test_0402	23648951.91
test_0403	33315819.84
test_0404	22608797.92
test_0405	22535143.62
test_0406	28931291.11
test_0407	28931291.11
test_0408	31617750.82
test_0409	31226274.43
test_0410	30695623.68
test_0411	30998792.22
test_0412	31226274.43
test_0413	31296250.07
test_0414	31092764.51
test_0415	31226274.43
test_0416	30185594.58
test_0417	20235400.38
test_0418	28634408.66
test_0419	30979344.32
test_0420	26132314.14
test_0421	32850428.41
test_0422	32948475.51
test_0423	23706074.7
test_0424	23306559.69
test_0425	23524166.79
test_0426	29623358.01
test_0427	28584062.56
test_0428	31696380.71
test_0429	17658743.48
test_0430	18305242.42
test_0431	17658743.48
test_0432	22947177.86
test_0433	23471345.52
test_0434	23055950.91
test_0435	27903092.44
test_0436	20501388.21
test_0437	22071719.77
test_0438	21292798.95
test_0439	21996256.98
test_0440	32798865.44
test_0441	34633067.36
test_0442	32798865.44
test_0443	34890066.3
test_0444	32798865.44
test_0445	34042962.27
test_0446	35005604.55
test_0447	34147017.52
test_0448	34882667.23
test_0449	25801992.84
test_0450	28236164.67
test_0451	28473019.28
test_0452	29275920.8
test_0453	29582011.04
test_0454	29212702.37
test_0455	29651760.07
test_0456	30888098.05
test_0457	31947859.51
test_0458	32018270.99
test_0459	30264173.63
test_0460	31947859.51
test_0461	31947859.51
test_0462	27430133.9
test_0463	26506811.99
test_0464	23891068.73
test_0465	25326162.29
test_0466	21790782.16
test_0467	21790782.16
test_0468	38483684.63
test_0469	25161412.35
test_0470	30292436.93
test_0471	36265844.9
test_0472	30818365.27
test_0473	33829640.03
test_0474	33829640.03
test_0475	34632441.84
test_0476	18868305.12
test_0477	18868305.12
test_0478	18701866.04
test_0479	18868305.12
test_0480	23846381.78
test_0481	32819102.67
test_0482	26636867.53
test_0483	25678898.14
test_0484	26219872.76
test_0485	26219872.76
test_0486	30159626.42
test_0487	29847132.56
test_0488	30967651.99
test_0489	30602084.21
test_0490	33483706.89
test_0491	22456496.39
test_0492	20399423.48
test_0493	23598578.08
test_0494	22240749.49
test_0495	19667328.54
test_0496	34442444.97
test_0497	34550334.28
test_0498	32618713.65
test_0499	27443935.19
test_0500	34550334.28
test_0501	32379404.3
test_0502	32536415.04
test_0503	27958000.13
test_0504	26854321.12
test_0505	31875386.47
test_0506	26921578.47
test_0507	27443935.19
test_0508	25640623.05
test_0509	32700369
test_0510	37054512.22
test_0511	29640792.77
test_0512	30013719.65
test_0513	27711899.36
test_0514	27870718.97
test_0515	25861037.4
test_0516	26576301.16
test_0517	25090423.7
test_0518	28906070.17
test_0519	29682408.25
test_0520	22096372.06
test_0521	22603344.17
test_0522	22611236.82
test_0523	27169162.69
test_0524	28142625.1
test_0525	22983630.11
test_0526	21401638.56
test_0527	24513949.04
test_0528	24085076.1
test_0529	23995685.79
test_0530	28843825.75
test_0531	30130574.72
test_0532	31595312.22
test_0533	31595312.22
test_0534	27126113.14
test_0535	26766373.32
test_0536	27937537.63
test_0537	21990098.3
test_0538	23509803.77
test_0539	23509803.77
test_0540	37136065.96
test_0541	37079704.34
test_0542	37079704.34
test_0543	37079704.34
test_0544	36979055.23
test_0545	36477589.74
test_0546	36626450.37
test_0547	36049500.83
test_0548	29290946.89
test_0549	24281070.11
test_0550	36207130.78
test_0551	36207130.78
test_0552	32182130.85
test_0553	26752232.8
test_0554	26752232.8
test_0555	29786724.63
test_0556	29330301.67
test_0557	19698882.9
test_0558	18507551.4
test_0559	23577993.08
test_0560	24982113.04
test_0561	21390201.26
test_0562	29286486.45
test_0563	36778504.97
test_0564	37362854.39
test_0565	38473320.12
test_0566	37771860.54
test_0567	38705953.72
test_0568	38705953.72
test_0569	21564116.67
test_0570	21211954.19
test_0571	21211954.19
test_0572	21211954.19
test_0573	22187500.64
test_0574	21588881.14
test_0575	33261862.4
test_0576	22596067.69
test_0577	26657120.06
test_0578	26657120.06
test_0579	22689452.37
test_0580	30960234.21
test_0581	12153009.09
test_0582	17743725.67
test_0583	18665666.89
test_0584	20151518.42
test_0585	24020594.49
test_0586	19980346.66
test_0587	41217208.62
test_0588	21647331.07
test_0589	26346433.39
test_0590	22062855.83
test_0591	22062855.83
test_0592	31608051.06
test_0593	31271808.22
test_0594	29037486.05
test_0595	28134509.53
test_0596	28360039.95
test_0597	28166757.37
test_0598	30418017.65
test_0599	30350760.3
test_0600	27392714.2
test_0601	25424036.49
test_0602	25025942.63
test_0603	32102906.14
test_0604	27710882.71
test_0605	28207697.27
test_0606	23443893.4
test_0607	23944015
test_0608	23297409.95
test_0609	23200493.02
test_0610	24618027.32
test_0611	23827693.67
test_0612	34990936.42
test_0613	34293422.87
test_0614	34970785.38
test_0615	33389849.27
test_0616	32558739.45
test_0617	33389849.27
test_0618	22441317.81
test_0619	22322980.56
test_0620	25095534.05
test_0621	23054464.88
test_0622	20653551.24
test_0623	19838535.04
test_0624	19723119.82
test_0625	19262281.25
test_0626	19195023.9
test_0627	19246005.81
test_0628	19952716.55
test_0629	20229097.77
test_0630	24370494.07
test_0631	23468553.53
test_0632	24113342.95
test_0633	23777206.98
test_0634	22646053.56
test_0635	22832278.18
test_0636	21920161.69
test_0637	21920161.69
test_0638	41982275.9
test_0639	29271295.7
test_0640	29271295.7
test_0641	29271295.7
test_0642	24646517
test_0643	34628224.93
test_0644	18737042.48
test_0645	30130202.95
test_0646	19400445.46
test_0647	26765724.96
test_0648	23495630.45
test_0649	24322730.06
test_0650	23782781.29
test_0651	24424131.06
test_0652	27087807.23
test_0653	25014101.99
test_0654	34696615.2
test_0655	34682427.25
test_0656	30820597.04
test_0657	39161596.51
test_0658	40151207.16
test_0659	30820597.04
test_0660	20430536.06
test_0661	28474482.05
test_0662	29439211.49
test_0663	28952364.61
test_0664	34054697.97
test_0665	38497094.61
test_0666	38223134.08
test_0667	34232798.59
test_0668	28516237.2
test_0669	22521628.93
test_0670	22018035.46
test_0671	21748437.12
test_0672	23405119.12
test_0673	26463228.12
test_0674	33379403.4
test_0675	36420714.15
test_0676	26829618.11
test_0677	27872454.65
test_0678	25148799.92
test_0679	25148799.92
test_0680	23458961.78
test_0681	23897274.74
test_0682	23356939.64
test_0683	24443119.45
test_0684	23989622.06
test_0685	24190236.11
test_0686	25527354.29
test_0687	17840138.47
test_0688	18408090.65
test_0689	23423927.72
test_0690	21021116.91
test_0691	21305892.23
test_0692	22476483.99
test_0693	22248365.35
test_0694	23036387.62
test_0695	22248365.35
test_0696	22476483.99
test_0697	24292672.07
test_0698	24088665.53
test_0699	25233673.8
test_0700	21905999.32
test_0701	24088232.91
test_0702	28797801.16
test_0703	29532656.98
test_0704	30258141.26
test_0705	20527516.8
test_0706	24535726.65
test_0707	33431523.69
test_0708	29561624.8
test_0709	32163559.79
test_0710	31201134.65
test_0711	24274652.3
test_0712	25863032.62
test_0713	21044401.44
test_0714	21270652.24
test_0715	21044401.44
test_0716	28136315.54
test_0717	35924056.23
test_0718	33800813.96
test_0719	29388069.48
test_0720	30671836.61
test_0721	34618133.27
test_0722	34749820.82
test_0723	24963512.73
test_0724	27041313.54
test_0725	22437998.74
test_0726	21939397.74
test_0727	21939397.74
test_0728	21939397.74
test_0729	21939397.74
test_0730	29854638.68
test_0731	29403665.89
test_0732	37291529.04
test_0733	24290145.27
test_0734	28215811.65
test_0735	28283069
test_0736	25212518.38
test_0737	30967344.85
test_0738	21511571.99
test_0739	26639423.62
test_0740	22481033.82
test_0741	27024194.4
test_0742	25614557.36
test_0743	24561473.92
test_0744	29074903.05
test_0745	32414274.86
test_0746	25927725.22
test_0747	24514150.57
test_0748	24719062.69
test_0749	24719062.69
test_0750	24719062.69
test_0751	26653252.4
test_0752	24514150.57
test_0753	28767034.14
test_0754	29680847.99
test_0755	21661945.62
test_0756	18683997.22
test_0757	28786022.08
test_0758	24567672.12
test_0759	27064670.94
test_0760	25412170.67
test_0761	27364212.71
test_0762	32065978.88
test_0763	24728232.05
test_0764	19520988.75
test_0765	31381946.09
test_0766	17528373.88
test_0767	17671375.74
test_0768	17867772.47
test_0769	18211568.52
test_0770	17341117.12
test_0771	23650933.4
test_0772	23401825.44
test_0773	21299498.34
test_0774	22674276.96
test_0775	22366042.21
test_0776	25139938.46
test_0777	31147303.7
test_0778	31019374.48
test_0779	33958069.62
test_0780	33906073.67
test_0781	24348658.26
test_0782	36852793.12
test_0783	40409724.46
test_0784	36905188.25
test_0785	22648598.99
test_0786	22011736.53
test_0787	36233880.12
test_0788	21752448.68
test_0789	23114699.01
test_0790	21809678.53
test_0791	25658693.78
test_0792	22636581.31
test_0793	22152171.51
test_0794	18940831.66
test_0795	22810148.92
test_0796	21961500.98
test_0797	20055644.43
test_0798	24112674.52
test_0799	24585478.59
test_0800	26596799.3
test_0801	26876309.57
test_0802	29450711.32
test_0803	29940240.36
test_0804	25176210.79
test_0805	25648224.39
test_0806	25648224.39
test_0807	32168573.79
test_0808	23707779.03
test_0809	22895568.92
test_0810	20251961.4
test_0811	23847672.44
test_0812	26940859.62
test_0813	26015370.89
test_0814	26663470.04
test_0815	26583146.32
test_0816	22904281.01
test_0817	26006830.07
test_0818	26966389.66
test_0819	26248941.73
test_0820	26424083.29
test_0821	26367306.71
test_0822	26583146.32
test_0823	27052691.86
test_0824	26583146.32
test_0825	27052691.86
test_0826	25083067.6
test_0827	20950484.45
test_0828	21106667.65
test_0829	20950484.45
test_0830	21102236.82
test_0831	21194123.43
test_0832	29530650.76
test_0833	28615805.71
test_0834	26674744.94
test_0835	21717063.67
test_0836	19488017.28
test_0837	23609894.13
test_0838	24574538.96
test_0839	23609894.13
test_0840	31071510.5
test_0841	24037126.18
test_0842	23765871.93
test_0843	22133161.86
test_0844	28304722.02
test_0845	22716714.91
test_0846	33015806.85
test_0847	32959009.71
test_0848	32959009.71
test_0849	32959009.71
test_0850	32959009.71
test_0851	32909783.57
test_0852	33241956.61
test_0853	19419976.45
test_0854	30204398.87
test_0855	28086308.78
test_0856	32305149.39
test_0857	26865585.79
test_0858	20401669.02
test_0859	20068880.25
test_0860	21017508.29
test_0861	28067967.48
test_0862	27879747.64
test_0863	26054107.71
test_0864	23006694.75
test_0865	19993810.52
test_0866	30179661.57
test_0867	23823829.95
test_0868	33333284.9
test_0869	33151953.16
test_0870	31036572.55
test_0871	26564174.15
test_0872	28057196.42
test_0873	27717894.6
test_0874	27645184.48
test_0875	24273289.42
test_0876	30304597.22
test_0877	30304597.22
test_0878	20866398.91
test_0879	20233542.64
test_0880	31366794.31
test_0881	31366794.31
test_0882	32210690.92
test_0883	32210690.92
test_0884	28970863.37
test_0885	30327750.83
test_0886	20967409.83
test_0887	20612216.01
test_0888	25475612.98
test_0889	23961142.08
test_0890	23961142.08
test_0891	23621276.88
test_0892	24048912.33
test_0893	32920306.45
test_0894	32705246.37
test_0895	35134202.54
test_0896	18312143.61
test_0897	18488419.27
test_0898	22312291.37
test_0899	22959228.83
test_0900	21542949.15
test_0901	28367544.56
test_0902	24148533.36
test_0903	26591294.13
test_0904	27139165.01
test_0905	26138452.97
test_0906	30119762.71
test_0907	25051520.62
test_0908	27562759
test_0909	24984263.27
test_0910	23956751.96
test_0911	25422368.57
test_0912	25422368.57
test_0913	32929156.65
test_0914	31828631.06
test_0915	25072964.47
test_0916	22585438.97
test_0917	25302906.83
test_0918	27032729.42
test_0919	26331459.02
test_0920	23170130.07
test_0921	23208936.07
test_0922	35687221.18
test_0923	36443712.94
test_0924	35225767.38
test_0925	25836403.93
test_0926	27820658.26
test_0927	29602347.24
test_0928	25903661.29
test_0929	20004495.74
test_0930	20675765.76
test_0931	22282099.64
test_0932	20201185.09
test_0933	31155231.25
test_0934	27445930.64
test_0935	21472015.33
test_0936	23170404.26
test_0937	23431030.15
test_0938	21707499.54
test_0939	20076694.74
test_0940	29929791.23
test_0941	29012624.21
test_0942	29079881.56
test_0943	28900145.39
test_0944	29540713.86
test_0945	20857304.98
test_0946	37964824.35
test_0947	40151633.84
test_0948	27581215.99
test_0949	17707686.26
test_0950	40168036.34
test_0951	20407070.68
test_0952	27031014.98
test_0953	29566404.47
test_0954	19788002.06
test_0955	23266436.18
test_0956	22731921.98
test_0957	32836532.39
test_0958	35542658.97
test_0959	18960411.39
test_0960	29633055.76
test_0961	30080226.93
test_0962	30206565.91
test_0963	27353757.95
test_0964	19672068.3
test_0965	27955959.41
test_0966	26860445.02
test_0967	31285480.11
test_0968	30701130.7
test_0969	31461854.38
test_0970	23306535.44
test_0971	23306535.44
test_0972	23920865.92
test_0973	24278294.97
test_0974	32980281.79
test_0975	24097471.22
test_0976	23351639.05
test_0977	23235032.06
test_0978	26959681.05
test_0979	31201396.05
test_0980	29037753.7
test_0981	30291603.46
test_0982	29305867.9
test_0983	30476877.95
test_0984	30037715.37
test_0985	31272402.5
test_0986	30443401.23
test_0987	27251273.74
test_0988	27614892.6
test_0989	26242517.48
test_0990	35275111.04
test_0991	36077934.04
test_0992	35216872.03
test_0993	33781277.72
test_0994	35779016.98
test_0995	37019437.33
test_0996	31396013.11
test_0997	39941245.43
test_0998	22005749.5
test_0999	22357971.21
test_1000	21504360.33
test_1001	18197458.65
test_1002	21765335
test_1003	18195362.33
test_1004	29996400.72
test_1005	32633488.17
test_1006	29330212.31
test_1007	30113360.13
test_1008	32303852.35
test_1009	28363990.82
test_1010	28132132.08
test_1011	28233058.99
test_1012	30106361.09
test_1013	30433778.22
test_1014	30106361.09
test_1015	32232481.26
test_1016	23857354.8
test_1017	23900259.62
test_1018	23886895.61
test_1019	21076428.02
test_1020	21076428.02
test_1021	23024355
test_1022	23024355
test_1023	23344299.27
test_1024	25255767.29
test_1025	27596594.78
test_1026	27854217.42
test_1027	27250662.41
test_1028	27105301.77
test_1029	32442273.47
test_1030	28319568.99
test_1031	28152057.75
test_1032	23702872.65
test_1033	25876627.76
test_1034	24887716.47
test_1035	24747949.57
test_1036	24666916.88
test_1037	21991715.78
test_1038	22497362.04
test_1039	23456619.43
test_1040	22345609.66
test_1041	23785803.12
test_1042	23523876.78
test_1043	23159544.82
test_1044	35131000.73
test_1045	35613497.86
test_1046	34876608.23
test_1047	32418017.97
test_1048	32497433.9
test_1049	27105772.76
test_1050	25371650.03
test_1051	25469121.8
test_1052	22300315.52
test_1053	24644764.27
test_1054	25181332.46
test_1055	22202843.75
test_1056	25856514.08
test_1057	26873946.87
test_1058	22440418.97
test_1059	25775845.88
test_1060	24607531.43
test_1061	24784867.72
test_1062	22440418.97
test_1063	19406826.84
test_1064	22440418.97
test_1065	22440418.97
test_1066	25856514.08
test_1067	31317201.21
test_1068	31317201.21
test_1069	21802940.59
test_1070	31899540.94
test_1071	32460697.71
test_1072	32201049.8
test_1073	32027293.6
test_1074	33956710.52
test_1075	22844635.02
test_1076	24282510.15
test_1077	26074326.27
test_1078	25726825.28
test_1079	25036480.17
test_1080	27941306.47
test_1081	30357997.39
test_1082	30677240
test_1083	25997815.95
test_1084	24780711.59
test_1085	24803870.88
test_1086	26161607.57
test_1087	25002278.96
test_1088	36769161.57
test_1089	36711219.79
test_1090	32554527.97
test_1091	30460179.88
test_1092	30963610.73
test_1093	30963610.73
test_1094	32929563.78
test_1095	25608692.86
test_1096	22192546.17
test_1097	27195533.96
test_1098	30854165.48
test_1099	32056433.93
test_1100	31152751.38
test_1101	29739054.06
test_1102	31396080.04
test_1103	27142281.88
test_1104	28435502.11
test_1105	29877870.1
test_1106	26536385.22
test_1107	30608287.62
test_1108	30029890.35
test_1109	32787347.48
test_1110	27703978.91
test_1111	24602089.27
test_1112	30607912.05
test_1113	30445714.16
test_1114	32709522.93
test_1115	36272508.61
test_1116	34896743.93
test_1117	34960725.99
test_1118	27431813.28
test_1119	28171947.9
test_1120	25409241.16
test_1121	27868569.23
test_1122	27379816.85
test_1123	25529691.58
test_1124	28659906.52
test_1125	33288825.08
test_1126	33319624.12
test_1127	29723031.65
test_1128	32756750.55
test_1129	29962358.63
test_1130	35674896.66
test_1131	30751413.56
test_1132	25237570.4
test_1133	21101036.08
test_1134	24696003.13
test_1135	33015108.72
test_1136	35006542.81
test_1137	32469530.26
test_1138	20845760.01
test_1139	22709881.18
test_1140	23964217.83
test_1141	21946224.07
test_1142	29318426.92
test_1143	24347523.14
test_1144	24199989.76
test_1145	20633320.29
test_1146	25091008.19
test_1147	25159181.86
test_1148	29660535.08
test_1149	37863334.82
test_1150	25986190.92
test_1151	27926607.7
test_1152	28203396.09
test_1153	26245595.89
test_1154	23556759.34
test_1155	26714891.25
test_1156	31443265.34
test_1157	31862979.23
test_1158	33054964.05
test_1159	31948115.98
test_1160	32396057.77
test_1161	23586616.38
test_1162	26467523.38
test_1163	32735492.8
test_1164	30960239.23
test_1165	33261430.24
test_1166	20356019.39
test_1167	27785424.88
test_1168	28495255.7
test_1169	28110218.89
test_1170	28110218.89
test_1171	28110218.89
test_1172	27811025.1
test_1173	28314382.25
test_1174	21843727.32
test_1175	27986529.18
test_1176	28495255.7
test_1177	21606241.48
test_1178	27942619.31
test_1179	27942619.31
test_1180	27942619.31
test_1181	28112937.18
test_1182	21843727.32
test_1183	21606241.48
test_1184	27571654.58
test_1185	28110218.89
test_1186	22075361.25
test_1187	27613668.64
test_1188	18458634.5
test_1189	27546076.92
test_1190	22075361.25
test_1191	28112937.18
test_1192	22016805.01
test_1193	31260677.06
test_1194	33355013.91
test_1195	25228676.99
test_1196	25228676.99
test_1197	32165652.66
test_1198	34415359.64
test_1199	34415359.64
test_1200	36425855.75
test_1201	27679612.17
test_1202	25477097.81
test_1203	25477097.81
test_1204	28999407.94
test_1205	31576491.03
test_1206	24011436.07
test_1207	29146015.54
test_1208	28107490.55
test_1209	29146015.54
test_1210	24011436.07
test_1211	24011436.07
test_1212	28481802.38
test_1213	19532987.68
test_1214	19642633.92
test_1215	19932869.03
test_1216	19915768.14
test_1217	25389457.21
test_1218	26196237.23
test_1219	26497072.67
test_1220	28632786.87
test_1221	28632786.87
test_1222	27405037.59
test_1223	28789797.61
test_1224	31151091.69
test_1225	21714214.88
test_1226	26418297.65
test_1227	24548277.1
test_1228	29359986.64
test_1229	35609524.53
test_1230	34262131.12
test_1231	29374032.72
test_1232	34574288.61
test_1233	26732644.51
test_1234	25888660.69
test_1235	27408242.89
test_1236	23227655.36
test_1237	29048396.52
test_1238	26773088.12
test_1239	26773088.12
test_1240	34566866.86
test_1241	27839509.65
test_1242	22933495.03
test_1243	22326989.03
test_1244	22802563.2
test_1245	23071961.71
test_1246	22680971.4
test_1247	22733190.69
test_1248	22939688.37
test_1249	36133229.2
test_1250	31086606.07
test_1251	30975290.99
test_1252	32812764.69
test_1253	33034083.48
test_1254	28717081.43
test_1255	28560070.69
test_1256	29257972.3
test_1257	29355822.96
test_1258	25638210.82
test_1259	26448103.29
test_1260	26448103.29
test_1261	23782648.02
test_1262	24402752.35
test_1263	24250953.92
test_1264	25638210.82
test_1265	26448103.29
test_1266	28778989.3
test_1267	28850635.93
test_1268	23375821.84
test_1269	25222248.25
test_1270	41139053.43
test_1271	39871491.13
test_1272	39871491.13
test_1273	25265138.23
test_1274	31155780.07
test_1275	31625271.55
test_1276	24216895.14
test_1277	24216895.14
test_1278	23450667.85
test_1279	23959421.03
test_1280	34688042.71
test_1281	28188496.23
test_1282	24922066.99
test_1283	24809624.53
test_1284	37071445.29
test_1285	38234520.88
test_1286	37101593.12
test_1287	32105395.97
test_1288	34078327.76
test_1289	36754231.69
test_1290	23194418.35
test_1291	27031282.83
test_1292	29699337.75
test_1293	29495852.2
test_1294	18624055.67
test_1295	28505041.28
test_1296	24703814.12
test_1297	27473578.92
test_1298	27473578.92
test_1299	27112789.82
test_1300	27062783.22
test_1301	21923917.17
test_1302	28340135.66
test_1303	24646683.15
test_1304	18536233.64
test_1305	18547832.07
test_1306	20440899.07
test_1307	19196498.04
test_1308	20792381.67
test_1309	24210603.12
test_1310	21726133.73
test_1311	24249533.47
test_1312	21556446.83
test_1313	25406080.92
test_1314	43946531.64
test_1315	44189276.48
test_1316	45630091.82
test_1317	41084598.84
test_1318	22174750.47
test_1319	19827806.4
test_1320	22860191.38
test_1321	28348772.78
test_1322	19872660.77
test_1323	19880553.43
test_1324	21193011.94
test_1325	21193011.94
test_1326	36731569.8
test_1327	30416588.78
test_1328	28523601.31
test_1329	28330594.78
test_1330	19183284.49
test_1331	18597128.51
test_1332	19124034.33
test_1333	18905546.87
test_1334	18790180.97
test_1335	18597128.51
test_1336	18603064.94
test_1337	19123460.91
test_1338	25945597.27
test_1339	23259255.75
test_1340	30621529.19
test_1341	41665431.4
test_1342	46244250.18
test_1343	44775490.47
test_1344	44800220.6
test_1345	29840037.88
test_1346	26181576.14
test_1347	26181576.14
test_1348	23649212.51
test_1349	24018790.31
test_1350	24063412.31
test_1351	23131760.57
test_1352	25066668.14
test_1353	24555310.28
test_1354	27250922.31
test_1355	26492891.88
test_1356	26041451.17
test_1357	25070494.57
test_1358	27337473.58
test_1359	27233130.63
test_1360	27427524.37
test_1361	26843041.97
test_1362	27201945.01
test_1363	27084390.67
test_1364	26740080.58
test_1365	27732755.57
test_1366	26740080.58
test_1367	28391097.35
test_1368	27961480.6
test_1369	28947130.92
test_1370	21366870.58
test_1371	18135394.97
test_1372	18317675.39
test_1373	21095314.28
test_1374	30469434.76
test_1375	31011073.02
test_1376	37627213.85
test_1377	31806801.09
test_1378	31789188.32
test_1379	30330469.98
test_1380	29110897.7
test_1381	32407435.99
test_1382	32349494.22
test_1383	32349494.22
test_1384	29979170.81
test_1385	22293653.78
test_1386	22293653.78
test_1387	33419201.96
test_1388	32085275.73
test_1389	33990769.13
test_1390	33636091
test_1391	32253920.6
test_1392	32851113.47
test_1393	26808732.76
test_1394	26719642.24
test_1395	27027051.81
test_1396	28434456.67
test_1397	29124293.27
test_1398	33018787.79
test_1399	33960402.04
test_1400	30763532.76
test_1401	31594642.59
test_1402	31874523.11
test_1403	29691412.86
test_1404	41321870.42
test_1405	45931451.56
test_1406	43380003.94
test_1407	26390787.56
test_1408	26636739.59
test_1409	26146484.65
test_1410	34316078.72
test_1411	28473327.37
test_1412	37807829.28
test_1413	31507696.21
test_1414	29171457.57
test_1415	30553687.42
test_1416	30524451.67
test_1417	30367872.22
test_1418	24714162.16
test_1419	24714162.16
test_1420	31736173.46
test_1421	26710030.85
test_1422	27235995.74
test_1423	26618199.41
test_1424	25097915.54
test_1425	24559020.62
test_1426	25881978.65
test_1427	26931433.12
test_1428	28409276.15
test_1429	20916517.15
test_1430	21069824.88
test_1431	32944087.57
test_1432	26415808.67
test_1433	27440574.09
test_1434	27818406.42
test_1435	28348541.13
test_1436	26015040.27
test_1437	23623568.18
test_1438	36249237.42
test_1439	36249237.42
test_1440	32945686.21
test_1441	31843746.06
test_1442	31289311.37
test_1443	29336823.95
test_1444	29179813.21
test_1445	30658012.74
test_1446	17884392.3
test_1447	18723452.97
test_1448	18489493.94
test_1449	38702558.05
test_1450	29236176.72
test_1451	28012988.7
test_1452	29236176.72
test_1453	28595232.43
test_1454	25199836.58
test_1455	22322598.67
test_1456	31249284.74
test_1457	21958121.87
test_1458	20758449.22
test_1459	20551820.42
test_1460	20688473.58
test_1461	26646423.63
test_1462	24809016.64
test_1463	24824790.48
test_1464	25025405.47
test_1465	24668913.19
test_1466	27279270.15
test_1467	24785723.47
test_1468	25089492.87
test_1469	18583785.64
test_1470	20227068.69
test_1471	32965674.97
test_1472	29433578.01
test_1473	24537548.76
test_1474	32164619.49
test_1475	32912655.64
test_1476	33610523.66
test_1477	24925007.39
test_1478	31005257.79
test_1479	27951984.84
test_1480	26875154.83
test_1481	26875154.83
test_1482	25500082.54
test_1483	26875154.83
test_1484	25931873.09
test_1485	20879478.67
test_1486	20196303.19
test_1487	20528099.51
test_1488	23884149.59
test_1489	25580654.32
test_1490	27065131.59
test_1491	23299379.38
test_1492	23300261.79
test_1493	20054432.16
test_1494	19727816.3
test_1495	19119600.54
test_1496	20598511.62
test_1497	20315636.54
test_1498	20315636.54
test_1499	20307205.95
test_1500	20639004.09
test_1501	27298816.86
test_1502	32996828.49
test_1503	30745719.42
test_1504	30436416.43
test_1505	28426829.31
test_1506	20562555.3
test_1507	18725360.49
test_1508	23990100.62
test_1509	25268793.71
test_1510	27259801.77
test_1511	27157305.19
test_1512	19987866.72
test_1513	18692763.1
test_1514	23575699.72
test_1515	25216367.14
test_1516	31096559.63
test_1517	30997450.38
test_1518	30997450.38
test_1519	30680920.31
test_1520	29859252.79
test_1521	32142970.38
test_1522	35503069.11
test_1523	33017559.86
test_1524	33713791.02
test_1525	25038553.04
test_1526	21925580.98
test_1527	21925580.98
test_1528	25571937.64
test_1529	27761241.57
test_1530	33638780.17
test_1531	33670362.54
test_1532	34525511.09
test_1533	27761241.57
test_1534	32748645.74
test_1535	33098801.43
test_1536	32748645.74
test_1537	28274720.33
test_1538	24645943.51
test_1539	27722981.2
test_1540	24645943.51
test_1541	28710526.32
test_1542	27749454.17
test_1543	22426272.8
test_1544	21061403.79
test_1545	22215461.61
test_1546	21929418.12
test_1547	22215461.61
test_1548	22215461.61
test_1549	21929418.12
test_1550	20914308.44
test_1551	20914308.44
test_1552	20301703.28
test_1553	20914308.44
test_1554	20954595.77
test_1555	20746708.85
test_1556	20914308.44
test_1557	24102605.62
test_1558	26737599.52
test_1559	24429897.92
test_1560	26670342.17
test_1561	19370757.38
test_1562	19412058.5
test_1563	17801035.11
test_1564	25850734.24
test_1565	20143469.85
test_1566	18407956.33
test_1567	18445926.7
test_1568	18418852.16
test_1569	18475649.31
test_1570	25850734.24
test_1571	20143469.85
test_1572	19458100.24
test_1573	19412058.5
test_1574	25850734.24
test_1575	19617371.09
test_1576	24833432.41
test_1577	20062843.13
test_1578	20854049.33
test_1579	21928297.61
test_1580	32637957.46
test_1581	32637957.46
test_1582	35756505.93
test_1583	18361573.79
test_1584	34245580.41
test_1585	28508036.9
test_1586	27674457.49
test_1587	30938515.57
test_1588	32998131.29
test_1589	32848576.4
test_1590	19546982.09
test_1591	24024005.11
test_1592	24098536.18
test_1593	25115842.6
test_1594	22776419.24
test_1595	20923797.62
test_1596	24603164.5
test_1597	22776419.24
test_1598	24603164.5
test_1599	29808109.33
test_1600	31488622.09
test_1601	30724763.38
test_1602	26691413.09
test_1603	26079662.06
test_1604	28681288.76
test_1605	28686075.13
test_1606	32339986.33
test_1607	33069590.42
test_1608	32339986.33
test_1609	29001147.48
test_1610	29048429.3
test_1611	24400133.37
test_1612	22953886.19
test_1613	23535581.89
test_1614	23567268.5
test_1615	22224568.47
test_1616	20178232.95
test_1617	36659258.86
test_1618	22267732.39
test_1619	19144494.36
test_1620	26571304.11
test_1621	21936483.14
test_1622	18902532.96
test_1623	19904024.03
test_1624	51548095.38
test_1625	33373713.47
test_1626	23317337.17
test_1627	36363801.94
test_1628	24392818.09
test_1629	24138473.69
test_1630	30920888.15
test_1631	31779857.63
test_1632	32924144.75
test_1633	32924144.75
test_1634	32837915.78
test_1635	30834659.18
test_1636	32924144.75
test_1637	30920888.15
test_1638	32924144.75
test_1639	31779857.63
test_1640	25646794.35
test_1641	40006706.61
test_1642	40006706.61
test_1643	24432720.17
test_1644	23752077.68
test_1645	28623710.15
test_1646	30686693.84
test_1647	31119181.54
test_1648	31193010.33
test_1649	30865012.93
test_1650	35140476.59
test_1651	30597937.78
test_1652	31146214.94
test_1653	23614599.38
test_1654	23724570.01
test_1655	23366836.74
test_1656	23714203.92
test_1657	26945716.72
test_1658	24957105.73
test_1659	24899992.13
test_1660	28387702.1
test_1661	19780076.46
test_1662	20342197.63
test_1663	28617443.48
test_1664	36561495.82
test_1665	36138215.93
test_1666	33356549.54
test_1667	32782661.65
test_1668	32782661.65
test_1669	26233486.84
test_1670	22339121.15
test_1671	25393334.9
test_1672	27676024.36
test_1673	21509387.3
test_1674	27130685.54
test_1675	27509463.76
test_1676	27509463.76
test_1677	27509463.76
test_1678	27509463.76
test_1679	25001227
test_1680	23803521.01
test_1681	23803521.01
test_1682	23803521.01
test_1683	30374023.01
test_1684	30902603.16
test_1685	30843474.25
test_1686	27703438.35
test_1687	25473177.4
test_1688	25406585.55
test_1689	23425136.72
test_1690	28609037.68
test_1691	28291378.43
test_1692	20426558.81
test_1693	29092948.09
test_1694	28113530.23
test_1695	28502989.28
test_1696	28324606.11
test_1697	25892950.44
test_1698	25892950.44
test_1699	25835008.67
test_1700	24517886.36
test_1701	21242732.84
test_1702	22710032.38
test_1703	21380831.24
test_1704	24071877.69
test_1705	24426075.3
test_1706	34726435.73
test_1707	35683210.22
test_1708	32148121.94
test_1709	36888784.61
test_1710	34222641.82
test_1711	31045414.22
test_1712	31200786.04
test_1713	31143988.89
test_1714	31319455.4
test_1715	28170716.11
test_1716	27819194.41
test_1717	32241900.84
test_1718	31823261.29
test_1719	28170716.11
test_1720	30785630.62
test_1721	28344807.45
test_1722	28344807.45
test_1723	28170716.11
test_1724	30501366.27
test_1725	27261800.52
test_1726	30145233.77
test_1727	30187377.96
test_1728	27261800.52
test_1729	30959721.97
test_1730	32222855.99
test_1731	27261800.52
test_1732	31405757.61
test_1733	30105517.63
test_1734	33996043.53
test_1735	39485252.18
test_1736	35873239.13
test_1737	21214574.68
test_1738	23472970.29
test_1739	26050061.1
test_1740	24928863.67
test_1741	24928863.67
test_1742	20927008.25
test_1743	22113627.29
test_1744	28669480.83
test_1745	27792690.44
test_1746	22501961.07
test_1747	27004823.62
test_1748	32493727.15
test_1749	30180225.13
test_1750	32428107.72
test_1751	34330424.82
test_1752	33548870.5
test_1753	20350934.2
test_1754	20197669.78
test_1755	20197669.78
test_1756	20197669.78
test_1757	21608248.7
test_1758	19380159.11
test_1759	19409847.41
test_1760	19721356.56
test_1761	23321974.07
test_1762	19409847.41
test_1763	19409847.41
test_1764	19409847.41
test_1765	22099662.64
test_1766	19409847.41
test_1767	22770546.99
test_1768	20655834.17
test_1769	31461106.74
test_1770	30197733.27
test_1771	27502363.04
test_1772	28732414.79
test_1773	28732414.79
test_1774	27247944.68
test_1775	27927209.61
test_1776	28584046.61
test_1777	31582861.55
test_1778	31582861.55
test_1779	23417182.75
test_1780	30356925.57
test_1781	27905343.79
test_1782	20114980.5
test_1783	27921141.9
test_1784	27738723.15
test_1785	17433578.79
test_1786	17501831.03
test_1787	36582969.19
test_1788	36323046.45
test_1789	25017827.86
test_1790	25706464.33
test_1791	25706464.33
test_1792	25017827.86
test_1793	21159945.82
test_1794	26600611.47
test_1795	27418951.25
test_1796	29939277.29
test_1797	29947130.94
test_1798	23880033.6
test_1799	26683365.63
test_1800	29186415.87
test_1801	23474293.32
test_1802	22978127.21
test_1803	23440079.91
test_1804	22745734.61
test_1805	21974259.58
test_1806	22182290.16
test_1807	20327939.49
test_1808	22182849.65
test_1809	21943029.48
test_1810	20327939.49
test_1811	22299680.87
test_1812	22224216.16
test_1813	26300697.66
test_1814	18654705.54
test_1815	14291791.51
test_1816	18654705.54
test_1817	18806457.92
test_1818	14291791.51
test_1819	19047435.43
test_1820	18654705.54
test_1821	18772093.18
test_1822	20493461.89
test_1823	30955362.79
test_1824	37364221.73
test_1825	37701160.29
test_1826	35885496.88
test_1827	31852812.86
test_1828	37546760.14
test_1829	25134753.04
test_1830	24950751.48
test_1831	24229938.52
test_1832	24695916.95
test_1833	32226391.67
test_1834	32688298.37
test_1835	24721694.64
test_1836	30318775.61
test_1837	30097974.07
test_1838	29887807.84
test_1839	29881434.64
test_1840	29653952.43
test_1841	31223323.05
test_1842	30091293.4
test_1843	30580987.28
test_1844	30580987.28
test_1845	29638378.09
test_1846	29982049.2
test_1847	23896716.04
test_1848	23941238.01
test_1849	23944383.18
test_1850	30815638.19
test_1851	28766666.12
test_1852	25622125.72
test_1853	23736665.78
test_1854	27658321.24
test_1855	29629965.25
test_1856	20780708.8
test_1857	30166340.44
test_1858	31279484.91
test_1859	31235309.48
test_1860	30002643.07
test_1861	28579468.5
test_1862	30203847.2
test_1863	22160819.17
test_1864	20456847
test_1865	22431696.5
test_1866	22998037.83
test_1867	20783462.86
test_1868	22671421.97
test_1869	23469943.72
test_1870	18250257.16
test_1871	23843671.16
test_1872	23708149.99
test_1873	23708149.99
test_1874	19053684.79
test_1875	23961847.85
test_1876	23088837.94
test_1877	24572261.53
test_1878	24380008.58
test_1879	23435835.5
test_1880	21174753.44
test_1881	22073256.72
test_1882	23370215.51
test_1883	28357406.17
test_1884	27615557.8
test_1885	31013359.69
test_1886	34592124.43
test_1887	36004660.7
test_1888	35006551.19
test_1889	35068971.69
test_1890	36421756.95
test_1891	39816622.62
test_1892	37864747.49
test_1893	18515270.32
test_1894	19420917.96
test_1895	20156483.22
test_1896	21709268.56
test_1897	23246242.72
test_1898	20879301.72
test_1899	25349915.45
test_1900	27080157.93
test_1901	25925022.65
test_1902	27231910.3
test_1903	24089171.34
test_1904	25799999.3
test_1905	25058541.32
test_1906	26345612.09
test_1907	23787739.94
test_1908	23198369.52
test_1909	26508319.64
test_1910	20981228.27
test_1911	28211019.64
test_1912	28477772.27
test_1913	28000403.16
test_1914	28477772.27
test_1915	26362643.67
test_1916	25721789.84
test_1917	31421486.34
test_1918	31421486.34
test_1919	31421486.34
test_1920	31421486.34
test_1921	31182769.89
test_1922	31115512.53
test_1923	25529540.75
test_1924	19005490.72
test_1925	20263081.91
test_1926	24758433.23
test_1927	26731307.18
test_1928	26518542.19
test_1929	25422022.55
test_1930	26586807.26
test_1931	25027629.86
test_1932	25960067.21
test_1933	31353233.56
test_1934	32865289.06
test_1935	28872935.64
test_1936	34147808.74
test_1937	30451920.77
test_1938	29844803.24
test_1939	30181009.49
test_1940	30492486
test_1941	30156279.75
test_1942	27611039.67
test_1943	29922168.72
test_1944	29855947.44
test_1945	30851440.82
test_1946	30156279.75
test_1947	26682430.45
test_1948	48233362.34
test_1949	48233362.34
test_1950	44840324.98
test_1951	44621794.93
test_1952	24912263.92
test_1953	23584006.55
test_1954	23956793.55
test_1955	22037908.8
test_1956	21201317.32
test_1957	18746899.29
test_1958	27402973.65
test_1959	26450326.3
test_1960	25906158.4
test_1961	19598670.08
test_1962	19745667.13
test_1963	19745667.13
test_1964	20661896.96
test_1965	21114843.51
test_1966	21134137.43
test_1967	21224427.17
test_1968	20571672.94
test_1969	20740310.01
test_1970	21221857.22
test_1971	22718362.16
test_1972	21920173.49
test_1973	32798097.37
test_1974	39173830.68
test_1975	38636611.78
test_1976	29481889.58
test_1977	29693566.51
test_1978	45466028.66
test_1979	32025399.7
test_1980	33626417.6
test_1981	34333082.59
test_1982	21352037.26
test_1983	20775739.19
test_1984	18874092.46
test_1985	23854574.92
test_1986	21097461.04
test_1987	20882446.99
test_1988	20882446.99
test_1989	21005323.97
test_1990	21783621.42
test_1991	21097461.04
test_1992	24322880.81
test_1993	22981709.6
test_1994	23039599.03
test_1995	23695473.26
test_1996	23695473.26
test_1997	29769543.36
test_1998	30822283.6
test_1999	30012687.94
test_2000	35478858.26
test_2001	32438979.3
test_2002	35478858.26
test_2003	31669582.85
test_2004	21042377.5
test_2005	37509673.77
test_2006	31356153.04
test_2007	24992774.98
test_2008	35831114.2
test_2009	28152195.7
test_2010	24312633.91
test_2011	24832701.79
test_2012	25127620.33
test_2013	30339257.71
test_2014	26221604.33
test_2015	24217666.82
test_2016	24478984.02
test_2017	24134134.83
test_2018	22289566.42
test_2019	22928490.53
test_2020	25894211.5
test_2021	21679152.74
test_2022	25387291.38
test_2023	23811488.48
test_2024	32485029.21
test_2025	33651161.25
test_2026	32485029.21
test_2027	22339112.97
test_2028	27438238.95
test_2029	25642493.45
test_2030	27722973.59
test_2031	31550009.3
test_2032	30760867.78
test_2033	26828914.14
test_2034	25950596.17
test_2035	31585554.64
test_2036	21586194.51
test_2037	37793254.97
test_2038	25219219.42
test_2039	25441501.37
test_2040	25372118.03
test_2041	36718373.79
test_2042	26267285.2
test_2043	33960664.67
test_2044	33843088.53
test_2045	33834773.04
test_2046	28138337.07
test_2047	24600560.34
test_2048	23161562.44
test_2049	24381183.56
test_2050	24130658.84
test_2051	24262977.88
test_2052	24638954.67
test_2053	24650172.95
test_2054	24003006.84
test_2055	24258483.73
test_2056	28446706.05
test_2057	28345010.19
test_2058	28345010.19
test_2059	29381916.92
test_2060	31487061.2
test_2061	29944713.81
test_2062	30164071.87
test_2063	24640460.4
test_2064	22361406.19
test_2065	23627427.23
test_2066	25336933.21
test_2067	28047564.46
test_2068	28383770.71
test_2069	29786171.72
test_2070	26347716.62
test_2071	26347716.62
test_2072	25407069.56
test_2073	25467884.48
test_2074	27393769.06
test_2075	30118659.7
test_2076	27194382.77
test_2077	29592231.26
test_2078	25995596.83
test_2079	23438187.57
test_2080	24529947.43
test_2081	34313251.9
test_2082	20015680.81
test_2083	19858302.38
test_2084	19858302.38
test_2085	27896200.37
test_2086	34319314.25
test_2087	34632824.35
test_2088	29774634.49
test_2089	33826221.57
test_2090	34273157.15
test_2091	33467974.7
test_2092	34040856.09
test_2093	34040856.09
test_2094	31866711.82
test_2095	22264038.8
test_2096	25301944.81
test_2097	28355212.76
test_2098	25800874.65
test_2099	27213961.51
test_2100	28010608.64
test_2101	28132978.16
test_2102	28443644.59
test_2103	22470276.66
test_2104	22470276.66
test_2105	22526617.13
test_2106	31071164.61
test_2107	31071164.61
test_2108	23217472.02
test_2109	27020169.55
test_2110	31141088.6
test_2111	34408210.74
test_2112	30601687.91
test_2113	24287132.54
test_2114	31862868.25
test_2115	23512914.36
test_2116	23896066.58
test_2117	26005014.6
test_2118	25036658.74
test_2119	31083824.94
test_2120	23467990.92
test_2121	22598444.98
test_2122	27492074.99
test_2123	28202025.93
test_2124	29174541.38
test_2125	29254132.52
test_2126	25310052.62
test_2127	22790383.77
test_2128	26251030.53
test_2129	22877047.8
test_2130	25173119.42
test_2131	22766152.38
test_2132	24071494.36
test_2133	24200688.73
test_2134	22883205.57
test_2135	24789177.51
test_2136	24893018.64
test_2137	27616110.38
test_2138	29716474.9
test_2139	17120682.66
test_2140	34678281.15
test_2141	27312388.24
test_2142	18448730.14
test_2143	29021445.28
test_2144	29021445.28
test_2145	24938867.31
test_2146	19886715.41
test_2147	27503980.81
test_2148	27701509.83
test_2149	27758804.42
test_2150	27404065.15
test_2151	19913550.67
test_2152	36173627.66
test_2153	33921541.79
test_2154	33680242.39
test_2155	25459709.45
test_2156	25257915.16
test_2157	25574285.23
test_2158	32953743.33
test_2159	21960950.07
test_2160	23843199.54
test_2161	27513075
test_2162	26060936.06
test_2163	26696745.98
test_2164	28226062.5
test_2165	28569664.98
test_2166	28218169.84
test_2167	24538236.97
test_2168	29010725.76
test_2169	18144833.94
test_2170	25221367.08
test_2171	28959320.1
test_2172	34080300.29
test_2173	31537971.99
test_2174	22621833.59
test_2175	22228695.1
test_2176	30362991.68
test_2177	29228343.93
test_2178	28458562.85
test_2179	31961038.93
test_2180	32452432.49
test_2181	34025030.21
test_2182	32452432.49
test_2183	34045181.25
test_2184	26261586.32
test_2185	29459892.02
test_2186	30644317.49
test_2187	25134177.72
test_2188	27963748.36
test_2189	26506741.31
test_2190	23147767.71
test_2191	33412265.41
test_2192	33412265.41
test_2193	26689724.53
test_2194	25624666.81
test_2195	26507152.85
test_2196	26609230.72
test_2197	26379016.19
test_2198	25508217.41
test_2199	25361649.98
test_2200	25927034.82
test_2201	19079444.98
test_2202	19079444.98
test_2203	19701021.05
test_2204	20421833.43
test_2205	30714555.33
test_2206	27742371.83
test_2207	25613659.78
test_2208	23417525.58
test_2209	24006234.79
test_2210	28852706.44
test_2211	35692276.42
test_2212	32104777.57
test_2213	30380433.71
test_2214	25365690.9
test_2215	24911726.84
test_2216	21815492.09
test_2217	21364667.09
test_2218	21361528.04
test_2219	21175143.38
test_2220	21848301.47
test_2221	21364667.09
test_2222	22302265.53
test_2223	21661916.81
test_2224	21661916.81
test_2225	40840900.77
test_2226	40840900.77
test_2227	36673909.77
test_2228	23745923.54
test_2229	33652720.99
test_2230	29451449.35
test_2231	31088553.64
test_2232	29630624.13
test_2233	31548048.54
test_2234	33368542.61
test_2235	25267819.34
test_2236	25105969.5
test_2237	23395074.93
test_2238	23463589.95
test_2239	23395074.93
test_2240	33444511.37
test_2241	25616523.34
test_2242	22497359.54
test_2243	32736244.04
test_2244	24931054.39
test_2245	24931054.39
test_2246	24579641.36
test_2247	25276918.91
test_2248	25117721.5
test_2249	24683695.84
test_2250	23678240.89
test_2251	27651501.77
test_2252	25067894.1
test_2253	23875892.05
test_2254	23661707.84
test_2255	25784066.59
test_2256	19741947.69
test_2257	24043755.24
test_2258	31515588.89
test_2259	30629190.21
test_2260	32649794.1
test_2261	28000707.06
test_2262	27418316.61
test_2263	32477596.5
test_2264	24471177.69
test_2265	23781704.19
test_2266	24308017.58
test_2267	29032753.8
test_2268	37466840.51
test_2269	32060917.09
test_2270	32060917.09
test_2271	23875366.99
test_2272	25075125.88
test_2273	26411849.44
test_2274	27046822.28
test_2275	21846587.65
test_2276	20657624.48
test_2277	27441756.79
test_2278	27359271.6
test_2279	27753812.18
test_2280	27483690.17
test_2281	26992880.24
test_2282	31285124.53
test_2283	31658586.7
test_2284	35574831.27
test_2285	25046347.93
test_2286	24828245.54
test_2287	30344051.29
test_2288	28038254.06
test_2289	31577121.08
test_2290	25201439.83
test_2291	25309023.62
test_2292	28144310.43
test_2293	22933875.92
test_2294	28762336.87
test_2295	29891169.85
test_2296	18700759.08
test_2297	28387766.59
test_2298	28401954.53
test_2299	22604393.65
test_2300	24463782.14
test_2301	25790639.79
test_2302	25790639.79
test_2303	24552161.49
test_2304	26323570.43
test_2305	22358613.15
test_2306	27755177.31
test_2307	21140575.94
test_2308	28344477.52
test_2309	28344477.52
test_2310	22375913.36
test_2311	27202976.45
test_2312	27556096.41
test_2313	23920080.03
test_2314	26500243.85
test_2315	36879556.8
test_2316	27882497.88
test_2317	30665219.22
test_2318	27371312.57
test_2319	27689456.85
test_2320	25000417.34
test_2321	21508768.16
test_2322	22323855.96
test_2323	28344410.21
test_2324	28008203.97
test_2325	28739114.96
test_2326	27236636.62
test_2327	24342802
test_2328	24766783.63
test_2329	18384155.15
test_2330	30058103.06
test_2331	27984361.42
test_2332	29948332.01
test_2333	29905606.21
test_2334	27849674.9
test_2335	30604318.28
test_2336	33004168.76
test_2337	34555082.78
test_2338	28531848.97
test_2339	26079680.12
test_2340	22623277
test_2341	27883933.2
test_2342	27804366.17
test_2343	22293298.6
test_2344	22293298.6
test_2345	24870900.8
test_2346	22054636.43
test_2347	38347230.13
test_2348	37309060.4
test_2349	22328049.82
test_2350	23343877.59
test_2351	18966277.29
test_2352	21071501.47
test_2353	24370061.57
test_2354	24547959.63
test_2355	29908108.54
test_2356	30386462.33
test_2357	32227294.49
test_2358	33137841
test_2359	31930873.63
test_2360	33427491.29
test_2361	29659808.73
test_2362	21374059.27
test_2363	21181478.71
test_2364	21530147.52
test_2365	20868741.14
test_2366	22930084.34
test_2367	22789641.05
test_2368	24081057.99
test_2369	22882763.82
test_2370	23983186.95
test_2371	20110433.83
test_2372	31249303.81
test_2373	29219952.36
test_2374	26208993.33
test_2375	24299493.03
test_2376	25177701.05
test_2377	23884415.54
test_2378	26497940.77
test_2379	24046731.3
test_2380	22584851.28
test_2381	27223453.63
test_2382	26491286.34
test_2383	28818562.82
test_2384	29128576.22
test_2385	27823166.28
test_2386	30463510.46
test_2387	27301518.3
test_2388	27798656.73
test_2389	30193844.72
test_2390	28681198.33
test_2391	30850145.17
test_2392	29659367.7
test_2393	29903586.86
test_2394	28634058.86
test_2395	30657382.97
test_2396	30576419.47
test_2397	32895967.02
test_2398	29583233.49
test_2399	37402984.7
test_2400	39810194.54
test_2401	33955552.77
test_2402	34342223.63
test_2403	26566733.8
test_2404	33806552.59
test_2405	22654794.82
test_2406	21921262.51
test_2407	21921262.51
test_2408	21921262.51
test_2409	21921262.51
test_2410	18358198.32
test_2411	40602143.73
test_2412	37067741.05
test_2413	31691939.1
test_2414	14523247.25
test_2415	14151502.22
test_2416	19643754.67
test_2417	17736659.66
test_2418	18701082.16
test_2419	17736659.66
test_2420	18320332.42
test_2421	29816943.05
test_2422	28528855.08
test_2423	27108573.39
test_2424	29764947.11
test_2425	24971163.8
test_2426	23892402.65
test_2427	24075774.98
test_2428	24405269.49
test_2429	24237446.47
test_2430	24365391.2
test_2431	20260940.2
test_2432	20702215.56
test_2433	33899497.81
test_2434	29126851.64
test_2435	36850382.71
test_2436	33031119.61
test_2437	33031119.61
test_2438	33031119.61
test_2439	20495215.57
test_2440	23571915.34
test_2441	23767272.57
test_2442	22837807.31
test_2443	23278440.35
test_2444	23405341.85
test_2445	23802797.67
test_2446	23993319.76
test_2447	23564022.68
test_2448	23564022.68
test_2449	24069487.84
test_2450	22083305.45
test_2451	22795484.39
test_2452	22251497.34
test_2453	22083305.45
test_2454	23861618.71
test_2455	30813582.56
test_2456	28087316.3
test_2457	28971067.25
test_2458	28087316.3
test_2459	28289297.26
test_2460	30038255.61
test_2461	37909563.76
test_2462	34680659.4
test_2463	29549177.82
test_2464	32198950.34
test_2465	33481648.66
test_2466	22645589.13
test_2467	23902448.4
test_2468	27443574.12
test_2469	23748780.54
test_2470	22697988.84
test_2471	24915825.32
test_2472	28793611.05
test_2473	29135514.35
test_2474	28662679.22
test_2475	28836770.56
test_2476	28159225.65
test_2477	27229834.94
test_2478	37665973.27
test_2479	28048344.92
test_2480	26619600.74
test_2481	29234087.18
test_2482	29008399.92
test_2483	21420661.35
test_2484	21420661.35
test_2485	21420661.35
test_2486	21420661.35
test_2487	21420661.35
test_2488	19646022.56
test_2489	34146914.25
test_2490	32159360.84
test_2491	37221786.63
test_2492	35507661.48
test_2493	38260495.8
test_2494	37125120.96
test_2495	39572853.36
test_2496	24458064.59
test_2497	22795324.61
test_2498	22450583.06
test_2499	22450583.06
test_2500	23890398.74
test_2501	24043663.16
test_2502	26446771.68
test_2503	31111366.42
test_2504	17813385.72
test_2505	22693286.32
test_2506	21056127.39
test_2507	21979915.82
test_2508	28580805.87
test_2509	28856758.03
test_2510	25986656.1
test_2511	28060069.74
test_2512	29849452.97
test_2513	29015783.78
test_2514	29178371.26
test_2515	30246152.35
test_2516	30048440.14
test_2517	23904367.26
test_2518	23153887.67
test_2519	29968135.31
test_2520	30253068.08
test_2521	26393869.81
test_2522	26289845.92
test_2523	29818432.47
test_2524	28754332.05
test_2525	28348149.11
test_2526	28265505.58
test_2527	26619822.81
test_2528	32189834.92
test_2529	29692150.5
test_2530	26189108.19
test_2531	25897762.74
test_2532	31754300.47
test_2533	27215178.79
test_2534	33282842.6
test_2535	34298195.07
test_2536	32591597.85
test_2537	31370403.32
test_2538	34629291.33
test_2539	33595325.58
test_2540	32934426.21
test_2541	30922085.01
test_2542	34298195.07
test_2543	34158553.96
test_2544	33446722.19
test_2545	34629291.33
test_2546	33231290.22
test_2547	33922261.09
test_2548	30486206.04
test_2549	34555637.03
test_2550	34223580.45
test_2551	20415811.82
test_2552	21390599.04
test_2553	30215086.72
test_2554	28445454.7
test_2555	23624665.52
test_2556	38779960.2
test_2557	37858768.69
test_2558	28511597.6
test_2559	32262859.51
test_2560	32101076.61
test_2561	20914874.89
test_2562	22353976.86
test_2563	21223842.09
test_2564	22871124.64
test_2565	23276215.81
test_2566	25405217.21
test_2567	27266485.42
test_2568	23066125.94
test_2569	27064441.46
test_2570	35421464.79
test_2571	30268746.76
test_2572	30534438.44
test_2573	30331899.92
test_2574	29580854.94
test_2575	28561535.15
test_2576	28796600.01
test_2577	28901993.72
test_2578	28750241.35
test_2579	28796600.01
test_2580	25729655.29
test_2581	17174847.66
test_2582	16517975.85
test_2583	17287529.7
test_2584	17106801.06
test_2585	20160998.74
test_2586	23607927.45
test_2587	21748957.4
test_2588	20886346.01
test_2589	42734726.24
test_2590	43195629.04
test_2591	42075601.49
test_2592	43793323.32
test_2593	42750656.44
test_2594	41567950.16
test_2595	35207119.16
test_2596	40686222.7
test_2597	39291717.63
test_2598	28009527.2
test_2599	26531225.66
test_2600	25658853.09
test_2601	28009527.2
test_2602	28525856.35
test_2603	30772799.69
test_2604	25712933.07
test_2605	24211358.87
test_2606	25472496.01
test_2607	25087699.93
test_2608	26952315.8
test_2609	25712933.07
test_2610	25630241.49
test_2611	25750903.44
test_2612	25282597.55
test_2613	22152801.88
test_2614	23521738.04
test_2615	28929812.54
test_2616	18078479.89
test_2617	28589508.1
test_2618	32430380.81
test_2619	20790190.8
test_2620	20328585.37
test_2621	27017692.77
test_2622	27225278.19
test_2623	27164544.41
test_2624	27482688.69
test_2625	27225278.19
test_2626	27155302.55
test_2627	27155302.55
test_2628	19915083.75
test_2629	30269534.41
test_2630	26232499.3
test_2631	26824119.93
test_2632	24285405.79
test_2633	21990989.98
test_2634	33420454.83
test_2635	18034660.01
test_2636	20156551.72
test_2637	33160630.81
test_2638	32133598.98
test_2639	22624509.94
test_2640	25414716.12
test_2641	40186727.43
test_2642	36079074.31
test_2643	25098049.51
test_2644	22715757.72
test_2645	24417843.87
test_2646	24706676.2
test_2647	23799368.06
test_2648	24082179.19
test_2649	23995469.78
test_2650	22136857.94
test_2651	20380485.33
test_2652	22233677.1
test_2653	22530439.85
test_2654	22204078.37
test_2655	21393657.46
test_2656	21964556.43
test_2657	22428629.19
test_2658	29427997.46
test_2659	25953569.79
test_2660	25331216.98
test_2661	21471203.55
test_2662	26309121.45
test_2663	26309121.45
test_2664	20759455.68
test_2665	21161489.24
test_2666	20386355.41
test_2667	24744271.11
test_2668	34164059.82
test_2669	37813217.19
test_2670	34164059.82
test_2671	37648551.58
test_2672	19741742.66
test_2673	32079046.52
test_2674	32081720.25
test_2675	38525955.08
test_2676	44237803.27
test_2677	30276900.37
test_2678	30276900.37
test_2679	29457778.36
test_2680	30263851.64
test_2681	30688522.75
test_2682	23955440.63
test_2683	24904678.63
test_2684	22029072.02
test_2685	22029072.02
test_2686	22029072.02
test_2687	30007881.53
test_2688	30143535.75
test_2689	28755782.57
test_2690	24168986.67
test_2691	27843334.19
test_2692	28646395.58
test_2693	30799501.17
test_2694	30799501.17
test_2695	24041711.48
test_2696	39795900.89
test_2697	26588151.98
test_2698	34546975.76
test_2699	21280616.94
test_2700	37592124.23
test_2701	33683414.89
test_2702	39419541.18
test_2703	27795401
test_2704	19732858.12
test_2705	19770663.22
test_2706	20704672.33
test_2707	25648795.72
test_2708	26527937.47
test_2709	27060465.49
test_2710	23421580.45
test_2711	22392035.31
test_2712	23328164.28
test_2713	23136220.56
test_2714	22677520.09
test_2715	23263919.97
test_2716	22603923.64
test_2717	24066750.47
test_2718	26830666.25
test_2719	27204602.89
test_2720	25542222.01
test_2721	22774783.62
test_2722	26795107.19
test_2723	23293545.21
test_2724	23551630.98
test_2725	25813072.42
test_2726	27674206.5
test_2727	27896733.68
test_2728	25010928.83
test_2729	22893541.76
test_2730	24768422.39
test_2731	23594869.91
test_2732	25140235.25
test_2733	25333510.54
test_2734	25799557.66
test_2735	29012276.5
test_2736	29746328.15
test_2737	22579294.83
test_2738	22579294.83
test_2739	20976488.99
test_2740	23693276.78
test_2741	23493479.09
test_2742	15089534.5
test_2743	22142300.8
test_2744	23205100
test_2745	23373708.81
test_2746	28103395.43
test_2747	30973449.18
test_2748	27090677.07
test_2749	27649481
test_2750	21141615.02
test_2751	31834159.47
test_2752	21261541.05
test_2753	27040972.55
test_2754	31765024.79
test_2755	22271457.38
test_2756	25490336.46
test_2757	29989195.45
test_2758	30025920.76
test_2759	26979256.24
test_2760	28335986.39
test_2761	34006475.55
test_2762	34548751.85
test_2763	15630072.74
test_2764	15192232.56
test_2765	15407597.13
test_2766	19495455.34
test_2767	19459858.93
test_2768	28616968.39
test_2769	17765224.14
test_2770	17413457.67
test_2771	33182632.13
test_2772	33989434.82
test_2773	28105429.92
test_2774	28105429.92
test_2775	29636541.3
test_2776	28105429.92
test_2777	28105429.92
test_2778	29596048.83
test_2779	29666229.61
test_2780	26438761.44
test_2781	30287577.48
test_2782	28310569.29
test_2783	26793665.54
test_2784	22523240.54
test_2785	28546207.67
test_2786	26499281.84
test_2787	25215465.51
test_2788	25369424.41
test_2789	25297839.19
test_2790	26722379.16
test_2791	27035592.75
test_2792	33796482.84
test_2793	23163567.15
test_2794	26383880.78
test_2795	24998157.03
test_2796	21476525.06
test_2797	27923942.72
test_2798	28346155.3
test_2799	29425639.32
test_2800	26649141.47
test_2801	22055375.4
test_2802	22055375.4
test_2803	22055375.4
test_2804	21887183.52
test_2805	22055375.4
test_2806	30469317.65
test_2807	34493604.4
test_2808	22908354.75
test_2809	23455671.45
test_2810	23402847.61
test_2811	30037227.48
test_2812	27580181.8
test_2813	27032307.02
test_2814	26778478.17
test_2815	45776992.49
test_2816	26092044.51
test_2817	22773964.9
test_2818	29175704.18
test_2819	27434524.87
test_2820	22654422.48
test_2821	31291953.34
test_2822	37430145.17
test_2823	37900723.67
test_2824	34177018.84
test_2825	29472524.8
test_2826	28218458.22
test_2827	29061966.45
test_2828	28199951.32
test_2829	25152785.22
test_2830	34529520.25
test_2831	20124817.61
test_2832	28906006.9
test_2833	25350785.69
test_2834	24419831.45
test_2835	26568253.25
test_2836	23938053.83
test_2837	23938053.83
test_2838	31237457.41
test_2839	34465196.25
test_2840	27715268.85
test_2841	25481658.51
test_2842	25482056.74
test_2843	24968190.48
test_2844	24193432.85
test_2845	26736436.33
test_2846	26946208.67
test_2847	25481658.51
test_2848	25481658.51
test_2849	27648130.42
test_2850	22927324.97
test_2851	26744328.99
test_2852	27572462.55
test_2853	32290669.88
test_2854	20853872.03
test_2855	21674287.86
test_2856	30724987.77
test_2857	29747730.15
test_2858	30201621.94
test_2859	29921497.44
test_2860	27400942.43
test_2861	36375542.96
test_2862	27002352.87
test_2863	29423926.69
test_2864	27847531.22
test_2865	27159481.73
test_2866	27058868.09
test_2867	26815506.92
test_2868	20069386.86
test_2869	30641033.63
test_2870	29286651.6
test_2871	24974281.23
test_2872	25611966.58
test_2873	29028449.44
test_2874	19290627.96
test_2875	29816544.82
test_2876	26547728.41
test_2877	27605492.85
test_2878	28854912.26
test_2879	24947876.74
test_2880	24759181.04
test_2881	27614372.09
test_2882	23585242.96
test_2883	23585242.96
test_2884	23585242.96
test_2885	23204050.46
test_2886	23204050.46
test_2887	23585242.96
test_2888	23611578.84
test_2889	23092826.21
test_2890	19381355.65
test_2891	18398713.03
test_2892	19381355.65
test_2893	18598487.29
test_2894	19381355.65
test_2895	18598487.29
test_2896	19135100.48
test_2897	19697021.19
test_2898	18598487.29
test_2899	27044096.3
test_2900	30135063.78
test_2901	29356254.93
test_2902	36187781.83
test_2903	36515779.24
test_2904	29178365.36
test_2905	29070595.32
test_2906	30099502.78
test_2907	22068905.48
test_2908	19928125.04
test_2909	27443297.69
test_2910	29515669.78
test_2911	24675554.74
test_2912	27194325.31
test_2913	27654286.93
test_2914	27654286.93
test_2915	28937404.09
test_2916	30614987.4
test_2917	26678756.1
test_2918	27172891.61
test_2919	24124417.87
test_2920	32704264.83
test_2921	29096127.06
test_2922	31982662.92
test_2923	25373165.63
test_2924	26821496.16
test_2925	20321694.61
test_2926	21927983.38
test_2927	22272126.08
test_2928	19800016.58
test_2929	22272126.08
test_2930	20261491.33
test_2931	22272126.08
test_2932	20490205.08
test_2933	20027670.51
test_2934	27514457.02
test_2935	26627854.12
test_2936	25233788.06
test_2937	42455433.28
test_2938	29309910.24
test_2939	29309910.24
test_2940	40092525.97
test_2941	30035516.62
test_2942	27236585.44
test_2943	23264193.84
test_2944	22870760.98
test_2945	27330036.03
test_2946	27751976.15
test_2947	28152570.85
test_2948	21536952.8
test_2949	38530937.88
test_2950	37695772.16
test_2951	34068370.58
test_2952	34068370.58
test_2953	22023521.2
test_2954	23734665
test_2955	23894595.94
test_2956	23676158.19
test_2957	22059877.5
test_2958	25336841.81
test_2959	19258642.67
test_2960	19755274.18
test_2961	21258178.43
test_2962	21258178.43
test_2963	21258178.43
test_2964	28678089.99
test_2965	29415458.9
test_2966	30027618.7
test_2967	31699163.25
test_2968	32242804.66
test_2969	32114978.36
test_2970	32347592.31
test_2971	28009735.04
test_2972	28009735.04
test_2973	19416852.07
test_2974	23326756.18
test_2975	24615412.42
test_2976	26918640.59
test_2977	25276939.47
test_2978	28009735.04
test_2979	24615412.42
test_2980	32922928.03
test_2981	22776817.42
test_2982	22749064.28
test_2983	23025445.5
test_2984	23222906.25
test_2985	23982094.12
test_2986	23781298.36
test_2987	24388370.11
test_2988	30471848.17
test_2989	37989622.27
test_2990	37384840.38
test_2991	30493644.56
test_2992	30868680.37
test_2993	26986165.13
test_2994	18398812.89
test_2995	28628211.58
test_2996	29206668.84
test_2997	22076419.01
test_2998	21038638.78
test_2999	19588279.65
test_3000	21607982.47
test_3001	20461001.52
test_3002	23612679.72
test_3003	30322131.02
test_3004	22213599.81
test_3005	24428390.1
test_3006	26484654.35
test_3007	25420201.94
test_3008	20744062.06
test_3009	25864055.14
test_3010	26396863.47
test_3011	26231465.57
test_3012	25008251.4
test_3013	31004638.73
test_3014	26503687.78
test_3015	31773214.93
test_3016	32908285.55
test_3017	31773214.93
test_3018	34913689.06
test_3019	28472312.01
test_3020	23278694
test_3021	37330945.21
test_3022	38144385.03
test_3023	38144385.03
test_3024	27122612.18
test_3025	22327839.89
test_3026	25801060.98
test_3027	27935913.15
test_3028	32224969.1
test_3029	31458508.12
test_3030	24385658.89
test_3031	24282295.93
test_3032	24222074.79
test_3033	23688087.64
test_3034	19333600.59
test_3035	28597745.01
test_3036	29084112.77
test_3037	30150974.87
test_3038	26664874.27
test_3039	35280639.43
test_3040	36590111.4
test_3041	28780583.96
test_3042	30968847.25
test_3043	31294683.47
test_3044	23133356.05
test_3045	23494647.79
test_3046	23133356.05
test_3047	26256964.68
test_3048	25852636.89
test_3049	25372970.5
test_3050	25465625.72
test_3051	25372970.5
test_3052	25372970.5
test_3053	25372970.5
test_3054	26047610.93
test_3055	26586642.01
test_3056	26618224.38
test_3057	26586642.01
test_3058	25912001.58
test_3059	25844345.61
test_3060	26791460.25
test_3061	25074108.66
test_3062	24345909.07
test_3063	33018093.55
test_3064	22308495.53
test_3065	24244524.93
test_3066	19749394.86
test_3067	18742662.05
test_3068	17404294.06
test_3069	18346430.96
test_3070	17067224.92
test_3071	17449033.44
test_3072	15508138.83
test_3073	26900053.6
test_3074	26900053.6
test_3075	25186116.77
test_3076	25186116.77
test_3077	28035657.73
test_3078	21082685.59
test_3079	20608151.55
test_3080	17960378.23
test_3081	20539915.88
test_3082	26582788.48
test_3083	30039377.77
test_3084	38953431.48
test_3085	36902673.82
test_3086	38054653.01
test_3087	25048095.18
test_3088	26922696.88
test_3089	23560185.33
test_3090	24391694.38
test_3091	22947499.4
test_3092	25203560.17
test_3093	28943458.73
test_3094	29785331.94
test_3095	28795311.15
test_3096	28370318.07
test_3097	23042939.47
test_3098	23231164.11
test_3099	26028379.72
test_3100	31869751.41
test_3101	25986365.7
test_3102	24149561.59
test_3103	24955372.13
test_3104	22116898.85
test_3105	20466173.61
test_3106	20135381.05
test_3107	22204095.08
test_3108	19571521.64
test_3109	20720408.48
test_3110	20720408.48
test_3111	20873672.89
test_3112	41455140.59
test_3113	32169790.55
test_3114	31783039.73
test_3115	32232950.77
test_3116	23413610.08
test_3117	25701772.82
test_3118	21695526.28
test_3119	21024641.93
test_3120	24119715.97
test_3121	26465569.88
test_3122	25723847.18
test_3123	26910274.9
test_3124	36267959.26
test_3125	31043285.21
test_3126	22309375.38
test_3127	30141375.48
test_3128	26817163.96
test_3129	34351937.22
test_3130	23951124.56
test_3131	34337611.88
test_3132	34554637.11
test_3133	25566933.11
test_3134	26236115.93
test_3135	19420027.43
test_3136	19420027.43
test_3137	19158036.78
test_3138	19117125.49
test_3139	19208075.72
test_3140	50500028.49
test_3141	51284311.98
test_3142	50569629.94
test_3143	17766286.85
test_3144	21398620.05
test_3145	20335937.1
test_3146	15804958.33
test_3147	16603956.59
test_3148	29169604.72
test_3149	28877738.01
test_3150	28697017.91
test_3151	29739771.69
test_3152	28363687.13
test_3153	30073312.37
test_3154	30216245.85
test_3155	30216245.85
test_3156	29807029.04
test_3157	29836717.35
test_3158	30081205.03
test_3159	28697017.91
test_3160	29230516.39
test_3161	30289091.95
test_3162	29465985.03
test_3163	29665075.32
test_3164	30073312.37
test_3165	30436521.27
test_3166	31178354.99
test_3167	30289091.95
test_3168	28363687.13
test_3169	30216245.85
test_3170	17329803.62
test_3171	17288631.78
test_3172	16845253.69
test_3173	24263939.09
test_3174	30585881.33
test_3175	27339166.13
test_3176	24681795.96
test_3177	21773943.86
test_3178	20487390.09
test_3179	20331515.91
test_3180	22551989.62
test_3181	20487390.09
test_3182	21324417.34
test_3183	20516683.27
test_3184	22106014.26
test_3185	20339408.57
test_3186	20720948.79
test_3187	29179531.08
test_3188	27817802.48
test_3189	27817802.48
test_3190	27175044.75
test_3191	27175044.75
test_3192	29961629.04
test_3193	30907283.12
test_3194	30901401.47
test_3195	21162306.27
test_3196	34534044.85
test_3197	31648875.83
test_3198	29143075.94
test_3199	26877485.61
test_3200	31792172.08
test_3201	29188693.28
test_3202	33859271.4
test_3203	35582791.64
test_3204	33092871.74
test_3205	33859271.4
test_3206	34641423.34
test_3207	31792172.08
test_3208	22607380.12
test_3209	26537562.04
test_3210	22317404.31
test_3211	22317404.31
test_3212	23861236.46
test_3213	25778699.21
test_3214	25793940.23
test_3215	25233768.65
test_3216	28967755.79
test_3217	27700469.24
test_3218	28934675.63
test_3219	29032083.88
test_3220	28109686.05
test_3221	29508613.4
test_3222	27440477.16
test_3223	26378021.79
test_3224	29230884.06
test_3225	28156902.89
test_3226	23433789.41
test_3227	25429407.8
test_3228	26287918.83
test_3229	26439195.74
test_3230	23089647.36
test_3231	24028505.91
test_3232	24638096.58
test_3233	22863519.94
test_3234	25850513.53
test_3235	25850513.53
test_3236	22983311.13
test_3237	25824914.02
test_3238	25850513.53
test_3239	26079820.76
test_3240	25850513.53
test_3241	25850513.53
test_3242	25970963.94
test_3243	24170681.66
test_3244	24996707
test_3245	24511458.85
test_3246	26728553.12
test_3247	21326080.1
test_3248	21326080.1
test_3249	21185654.26
test_3250	37196527.12
test_3251	38521614.85
test_3252	22654995.95
test_3253	21781825.12
test_3254	37134860.23
test_3255	36503242.54
test_3256	37467037.08
test_3257	30727525.78
test_3258	32422190.84
test_3259	30055019.86
test_3260	25555807.66
test_3261	29388290
test_3262	28976391.16
test_3263	28558835.74
test_3264	31103295.71
test_3265	28827983.4
test_3266	20932347.16
test_3267	20991711.86
test_3268	20653252.47
test_3269	29182742.71
test_3270	31543580.03
test_3271	31280033.64
test_3272	26285225.16
test_3273	23141874.41
test_3274	27827174.66
test_3275	29590557.7
test_3276	29590557.7
test_3277	17641535.13
test_3278	16789665.96
test_3279	16423937.5
test_3280	16269534.62
test_3281	33057659.75
test_3282	30450579.78
test_3283	28916268.82
test_3284	36955836.42
test_3285	36357013.26
test_3286	36432878.47
test_3287	35429073.52
test_3288	33021496.72
test_3289	35505291.05
test_3290	34123725.52
test_3291	34123725.52
test_3292	36272009.3
test_3293	36955836.42
test_3294	17957673.88
test_3295	25612610.43
test_3296	30737267.38
test_3297	24827702.57
test_3298	25427991.77
test_3299	17135564.73
test_3300	24941961.61
test_3301	25416439.25
test_3302	26849256.74
test_3303	27826814.51
test_3304	28834956.81
test_3305	31133355.17
test_3306	19268613.99
test_3307	19268613.99
test_3308	26580188.65
test_3309	24974610.23
test_3310	31229570.7
test_3311	31409212.44
test_3312	30977767.82
test_3313	30977767.82
test_3314	33832725.39
test_3315	26145206.62
test_3316	26145206.62
test_3317	26145206.62
test_3318	27867093.01
test_3319	34063624.44
test_3320	17630070.97
test_3321	21574054.75
test_3322	21192471.2
test_3323	23225039.42
test_3324	33517608.17
test_3325	33517608.17
test_3326	25803285.72
test_3327	25803285.72
test_3328	29475655.96
test_3329	29475655.96
test_3330	33026156.11
test_3331	27702367.45
test_3332	26362182.77
test_3333	26460572.39
test_3334	26216353.23
test_3335	24437112.54
test_3336	21313595.31
test_3337	36676386.21
test_3338	36676386.21
test_3339	19783277.45
test_3340	21109037.05
test_3341	21034540.26
test_3342	21886182.67
test_3343	22142410.22
test_3344	20825363.19
test_3345	21886182.67
test_3346	21593883.33
test_3347	19801784.36
test_3348	24872096.84
test_3349	24872096.84
test_3350	26122831.74
test_3351	28928080.6
test_3352	31338960.1
test_3353	32237104.9
test_3354	26920715.23
test_3355	27076660.14
test_3356	21918057.07
test_3357	21766752.15
test_3358	19914694.86
test_3359	23551635.82
test_3360	24816024.74
test_3361	23098751.56
test_3362	23433405.11
test_3363	23800893.32
test_3364	23181740.81
test_3365	21998300.59
test_3366	21860232.28
test_3367	21651130.99
test_3368	33337733.27
test_3369	28609895.11
test_3370	25395205.32
test_3371	25395205.32
test_3372	25395205.32
test_3373	24998087.28
test_3374	26043023.89
test_3375	25546957.7
test_3376	33184443.68
test_3377	25298390.22
test_3378	25299584.17
test_3379	16368118.38
test_3380	24705490.32
test_3381	25680986.77
test_3382	23393529.83
test_3383	27428066.51
test_3384	28744816.78
test_3385	28744816.78
test_3386	29779323.16
test_3387	28190962.54
test_3388	27560155.53
test_3389	34612976.08
test_3390	34612976.08
test_3391	18404960.07
test_3392	30140648.49
test_3393	26048147.65
test_3394	26178539.14
test_3395	29370297.39
test_3396	26178539.14
test_3397	32210281.31
test_3398	32153484.16
test_3399	33751949.97
test_3400	27868771.4
test_3401	31498058.67
test_3402	29329555.56
test_3403	22643699.73
test_3404	23542864.49
test_3405	36174591.49
test_3406	37372483.5
test_3407	33373511.03
test_3408	38235631.11
test_3409	32753238.38
test_3410	32482640.75
test_3411	40124798.78
test_3412	40159350.58
test_3413	27205449.85
test_3414	32566036.15
test_3415	29280442.26
test_3416	24253921.07
test_3417	42168712.32
test_3418	36423263.41
test_3419	34300963.62
test_3420	31743332.9
test_3421	30559409.08
test_3422	31239374.74
test_3423	31590217.2
test_3424	34300963.62
test_3425	27945638.43
test_3426	27945638.43
test_3427	36226371.33
test_3428	25364628.9
test_3429	26038966.49
test_3430	26038966.49
test_3431	24436965.23
test_3432	23646677.13
test_3433	22797313.24
test_3434	24300254
test_3435	27994752.78
test_3436	27952923.42
test_3437	28681703.11
test_3438	28165870.82
test_3439	25712868.23
test_3440	23771303.66
test_3441	17727120.26
test_3442	17797095.89
test_3443	25366781.69
test_3444	26294202.2
test_3445	26294202.2
test_3446	22920158.62
test_3447	25957234.9
test_3448	28421240.41
test_3449	28576171.8
test_3450	21133328.23
test_3451	18915637.71
test_3452	18915637.71
test_3453	27880767.8
test_3454	21372609.94
test_3455	28380747.94
test_3456	28709299.3
test_3457	27776147.31
test_3458	28526624.83
test_3459	28242057.24
test_3460	16409748.48
test_3461	33020672.59
test_3462	26277408.47
test_3463	28674245.07
test_3464	28607912.82
test_3465	25860499.65
test_3466	28666352.41
test_3467	28676427.83
test_3468	25502857.81
test_3469	23175279.33
test_3470	24923015.47
test_3471	26024504.17
test_3472	24329880.51
test_3473	24811701.04
test_3474	23956695.44
test_3475	28846090.43
test_3476	28863327.19
test_3477	23548111.54
test_3478	31624708.67
test_3479	28133293.4
test_3480	29224997.84
test_3481	28066036.05
test_3482	28652257.04
test_3483	29131046.18
test_3484	23452286.94
test_3485	20735355.43
test_3486	24163601.79
test_3487	23154642.8
test_3488	30096615.81
test_3489	24057347.09
test_3490	24183056.06
test_3491	23883967.94
test_3492	23738881.1
test_3493	23671968.94
test_3494	22017861.42
test_3495	24587679.73
test_3496	23538266.1
test_3497	23979765.85
test_3498	22123454.31
test_3499	28246041.46
test_3500	34649759.31
test_3501	24899749.11
test_3502	16590823.25
test_3503	16143817.32
test_3504	16529966.95
test_3505	16010047.22
test_3506	26975281.99
test_3507	28235651.59
test_3508	37473622.19
test_3509	26783227.4
test_3510	32000115.16
test_3511	32183377.88
test_3512	32484258.46
test_3513	31469095.02
test_3514	37066213.17
test_3515	19285856.92
test_3516	23962243.56
test_3517	23777240.88
test_3518	23890841.55
test_3519	36855464.75
test_3520	37916932.8
test_3521	26155453.27
test_3522	22120341.72
test_3523	16165816.37
test_3524	15612636.15
test_3525	17106311.45
test_3526	16172960.29
test_3527	16499527.65
test_3528	31011390.91
test_3529	24215482.84
test_3530	23679379.36
test_3531	26305629.08
test_3532	23398371.84
test_3533	21238280.83
test_3534	35167100.5
test_3535	32985584.93
test_3536	27792931.09
test_3537	34809396.6
test_3538	34531186.88
test_3539	31488344.68
test_3540	29965828.29
test_3541	18347385.33
test_3542	29472854.61
test_3543	28226112.81
test_3544	27769145.42
test_3545	29976872.2
test_3546	28194067.55
test_3547	25080719.11
test_3548	31171956.42
test_3549	23987991.23
test_3550	24229385.52
test_3551	23987991.23
test_3552	21731210.06
test_3553	21501557.7
test_3554	28480277.06
test_3555	26826333.85
test_3556	34150149.74
test_3557	28854474.67
test_3558	28680383.32
test_3559	29088845.69
test_3560	28680383.32
test_3561	29088845.69
test_3562	27653700.92
test_3563	27653700.92
test_3564	28717476.02
test_3565	31748396.3
test_3566	29133914.88
test_3567	23131161.13
test_3568	21753772.23
test_3569	20531228.83
test_3570	20181812.03
test_3571	27275242.33
test_3572	25119151.65
test_3573	25031881.3
test_3574	27270545.13
test_3575	24791932.27
test_3576	24224801.35
test_3577	24534282.08
test_3578	18645116.14
test_3579	17680260.41
test_3580	32409839.45
test_3581	30534868.68
test_3582	20084905.22
test_3583	20168993.55
test_3584	20325639.73
test_3585	20486582.61
test_3586	28461308.84
test_3587	28391066.12
test_3588	34551686.59
test_3589	32584426.22
test_3590	32460725.92
test_3591	26327975.3
test_3592	26214447.53
test_3593	27052801.32
test_3594	22606071.9
test_3595	24197592.27
test_3596	24674800.88
test_3597	22805948.06
test_3598	23669618.81
test_3599	28756444.23
test_3600	25005968.03
test_3601	26520183.75
test_3602	26903433.56
test_3603	28759617.15
test_3604	29611270.5
test_3605	25450356.8
test_3606	27088594.91
test_3607	25450356.8
test_3608	28207722.41
test_3609	28469122.69
test_3610	25005968.03
test_3611	30369218.23
test_3612	20890285.9
test_3613	23092141.33
test_3614	24750362.28
test_3615	29875456.39
test_3616	29835878
test_3617	31932972.91
test_3618	28561886.68
test_3619	28856514.85
test_3620	31749668.66
test_3621	28460113.24
test_3622	30236828.74
test_3623	31069467.58
test_3624	34035705.97
test_3625	29093082.1
test_3626	29997437.74
test_3627	29961315.91
test_3628	33181891.22
test_3629	25129041.32
test_3630	22606708.66
test_3631	22606708.66
test_3632	23108751.33
test_3633	22519512.43
test_3634	23195947.56
test_3635	23120999.63
test_3636	22037022.57
test_3637	23467200.34
test_3638	38850892.61
test_3639	38850892.61
test_3640	25081119.8
test_3641	26554601.33
test_3642	27883873.54
test_3643	26285307.87
test_3644	23962920.86
test_3645	25272284.39
test_3646	33991783.83
test_3647	28513678.41
test_3648	24224583.48
test_3649	26858334.33
test_3650	26137409.21
test_3651	26398374.76
test_3652	35169646.52
test_3653	34698133.69
test_3654	31344510.68
test_3655	26644834.39
test_3656	25102081.03
test_3657	17619005.35
test_3658	16802629.24
test_3659	25268037.55
test_3660	25233980.64
test_3661	33190590.66
test_3662	19170844.6
test_3663	19170844.6
test_3664	29123171.98
test_3665	30436890.45
test_3666	29131064.64
test_3667	30534903.65
test_3668	30444783.11
test_3669	29947692.7
test_3670	28371577.41
test_3671	30151178.26
test_3672	30053165.06
test_3673	20731866.14
test_3674	25461386.98
test_3675	22888399.13
test_3676	36698143.16
test_3677	31811552.99
test_3678	37050520.63
test_3679	37398147.77
test_3680	24410562.75
test_3681	24635139.78
test_3682	27223786.3
test_3683	20453618.38
test_3684	23676981.09
test_3685	23531957.18
test_3686	25693198.47
test_3687	28893980.28
test_3688	29672105.47
test_3689	22037773.4
test_3690	22761558.53
test_3691	27298123.18
test_3692	22238404.18
test_3693	29125904.96
test_3694	27605843.97
test_3695	27234762.64
test_3696	28411176.26
test_3697	27284288.7
test_3698	21816076.45
test_3699	23426662.71
test_3700	23451862.93
test_3701	22934321.02
test_3702	23564831.09
test_3703	20973795.92
test_3704	20395762.12
test_3705	33098774.01
test_3706	28504269.96
test_3707	27466967.36
test_3708	23735570.11
test_3709	27755418.75
test_3710	22085434.69
test_3711	23166749.97
test_3712	24270834.55
test_3713	26360059.79
test_3714	22394759.75
test_3715	46284204.57
test_3716	35585113.5
test_3717	25715320.44
test_3718	25648063.08
test_3719	25707427.78
test_3720	25785925.17
test_3721	26000337.76
test_3722	22314682.3
test_3723	22600640.8
test_3724	23581897.14
test_3725	24065607.99
test_3726	38670931.65
test_3727	32324110.1
test_3728	20810770.58
test_3729	20334678.38
test_3730	20483821.12
test_3731	20224407.46
test_3732	22676937.72
test_3733	24832003.01
test_3734	33027443.15
test_3735	38732244.77
test_3736	18625262.81
test_3737	21208171.69
test_3738	21491193.21
test_3739	21323001.33
test_3740	22650268.4
test_3741	21447878.56
test_3742	22155799.09
test_3743	25389331.58
test_3744	27506165.87
test_3745	27143491.54
test_3746	28911133.36
test_3747	30730327.19
test_3748	27048247.2
test_3749	29735181.1
test_3750	29477755.1
test_3751	29082528
test_3752	29025730.85
test_3753	28146922.42
test_3754	27390567.81
test_3755	27225444.71
test_3756	27801774.97
test_3757	27390567.81
test_3758	22786237.92
test_3759	27124517.79
test_3760	27225444.71
test_3761	27225444.71
test_3762	27225444.71
test_3763	30037855.01
test_3764	20665510.65
test_3765	19619178.82
test_3766	27213905.44
test_3767	26613805.65
test_3768	29965009.16
test_3769	30139824.15
test_3770	29107578.79
test_3771	31134883.9
test_3772	30139824.15
test_3773	26362188.82
test_3774	24059403.64
test_3775	24361559.9
test_3776	23813096.46
test_3777	23896253.18
test_3778	26079756.96
test_3779	23896253.18
test_3780	41936390.74
test_3781	44627440.78
test_3782	21119806.47
test_3783	23463933.88
test_3784	34681327.52
test_3785	21473274.5
test_3786	28994646.9
test_3787	26908542.5
test_3788	30633343.57
test_3789	30277726.1
test_3790	31290944.28
test_3791	31936792.71
test_3792	27641139.89
test_3793	30551494
test_3794	30501167.94
test_3795	31290944.28
test_3796	31689343.3
test_3797	31087458.73
test_3798	21853008.84
test_3799	46182640.09
test_3800	43731099.94
test_3801	24253939.89
test_3802	25872141.15
test_3803	29765177.11
test_3804	25487350.12
test_3805	28593311.53
test_3806	32465536.52
test_3807	25178173.72
test_3808	26262295.1
test_3809	24351303.34
test_3810	26813860.31
test_3811	31818012.89
test_3812	31818012.89
test_3813	27873236.97
test_3814	22067882.08
test_3815	49203882.62
test_3816	49057151.39
test_3817	21825295.31
test_3818	21066634.63
test_3819	23895045.78
test_3820	22169094.88
test_3821	23826530.77
test_3822	23265884.69
test_3823	22256440.21
test_3824	22256440.21
test_3825	23985352.55
test_3826	23875114.28
test_3827	23479057.64
test_3828	23985352.55
test_3829	40017360.3
test_3830	34286864.22
test_3831	16851635.18
test_3832	28312422.88
test_3833	28153557.19
test_3834	27758630.26
test_3835	35693166.46
test_3836	36066628.63
test_3837	36171013.31
test_3838	36066628.63
test_3839	28568660.47
test_3840	37070638.39
test_3841	37070638.39
test_3842	28928577.61
test_3843	22159551.13
test_3844	24785451.26
test_3845	22998183.98
test_3846	25985497.62
test_3847	25790095.71
test_3848	25918521.19
test_3849	27906061.9
test_3850	28254516.07
test_3851	19289151.62
test_3852	19403727.41
test_3853	31006237.66
test_3854	29673629.98
test_3855	38582026.39
test_3856	38582026.39
test_3857	20180359.2
test_3858	30678623.61
test_3859	30032629.95
test_3860	37580654.68
test_3861	30371092.11
test_3862	37149780.38
test_3863	35009106.8
test_3864	37718879.13
test_3865	37635221.46
test_3866	38075224.1
test_3867	35987163
test_3868	37404280.41
test_3869	34493721.83
test_3870	37324349.98
test_3871	37149780.38
test_3872	38191051.49
test_3873	21849672.04
test_3874	31241146.24
test_3875	34317104.42
test_3876	24080833.57
test_3877	24605623.13
test_3878	23898115.16
test_3879	23621560.37
test_3880	26757385.62
test_3881	26082100.78
test_3882	26023432.17
test_3883	26070209.83
test_3884	28528161.19
test_3885	27895978.29
test_3886	28459618.91
test_3887	27372918.37
test_3888	27895978.29
test_3889	28661694.4
test_3890	28972173.56
test_3891	31071924.56
test_3892	31395776.58
test_3893	31746276.82
test_3894	31328519.23
test_3895	31746276.82
test_3896	30160987.71
test_3897	23639819
test_3898	41208829.24
test_3899	27262980.84
test_3900	27134575.28
test_3901	29635597.73
test_3902	27139868.56
test_3903	27139868.56
test_3904	20886805.17
test_3905	21477317.54
test_3906	21176585.46
test_3907	19643913.76
test_3908	23391648.91
test_3909	23391648.91
test_3910	37125492.09
test_3911	37781209.97
test_3912	31778181.76
test_3913	22727057.9
test_3914	34493694.26
test_3915	32163038.94
test_3916	37264315.27
test_3917	35316428.02
test_3918	25561811.37
test_3919	32441290.93
test_3920	39178431.28
test_3921	37208290.81
test_3922	34578140.81
test_3923	35604189.1
test_3924	35027231.94
test_3925	29496282.66
test_3926	29869744.84
test_3927	30979031.22
test_3928	34338270.09
test_3929	29343647.7
test_3930	28645392.99
test_3931	26758385.81
test_3932	26862770.49
test_3933	25804237.98
test_3934	31600199.17
test_3935	33291348.25
test_3936	30896472.33
test_3937	30080634.39
test_3938	28789251.76
test_3939	20804663.58
test_3940	20741707.82
test_3941	22388445.41
test_3942	22897198.59
test_3943	20985035.27
test_3944	22388445.41
test_3945	20985035.27
test_3946	22388445.41
test_3947	22388445.41
test_3948	33257231.33
test_3949	32014218.54
test_3950	32082733.55
test_3951	23869716.37
test_3952	34388006.33
test_3953	21328792.63
test_3954	21522897.93
test_3955	24660535.69
test_3956	18961023.89
test_3957	22933768.13
test_3958	23074192.89
test_3959	21787719.07
test_3960	26337453.16
test_3961	22853589.99
test_3962	18575515.31
test_3963	22464868.79
test_3964	23938928.35
test_3965	26337453.16
test_3966	23168884.41
test_3967	24730786.84
test_3968	23143194.26
test_3969	23625705.99
test_3970	23055311.8
test_3971	22528905.01
test_3972	23420281.74
test_3973	23524221.32
test_3974	23420281.74
test_3975	22224531.13
test_3976	23480856.87
test_3977	23420281.74
test_3978	23224907.84
test_3979	21813982.41
test_3980	22820539.34
test_3981	22288114.93
test_3982	27493364.86
test_3983	28346273.27
test_3984	27345314.86
test_3985	26523497.47
test_3986	26097276.99
test_3987	27493364.86
test_3988	26735632.63
test_3989	28347733.89
test_3990	27864340.42
test_3991	26139096.34
test_3992	28931964.32
test_3993	27784924.49
test_3994	27345314.86
test_3995	28105387.89
test_3996	26961582.84
test_3997	27028323.7
test_3998	27028323.7
test_3999	27864340.42
test_4000	23574689.16
test_4001	22453521.47
test_4002	22154506.47
test_4003	31080093.74
test_4004	27444382.9
test_4005	27618474.24
test_4006	30250514.59
test_4007	20291103.84
test_4008	26277768.89
test_4009	29434657.32
test_4010	19812625.09
test_4011	30356733.46
test_4012	29871335.42
test_4013	29214344.75
test_4014	21479043.88
test_4015	30716184.66
test_4016	24725136.24
test_4017	25870000.5
test_4018	26568627.22
test_4019	22353691.13
test_4020	23474792.74
test_4021	24327527.28
test_4022	24327527.28
test_4023	31041059.2
test_4024	30963580.12
test_4025	30963580.12
test_4026	32238401.66
test_4027	31942418.57
test_4028	27242864.62
test_4029	26035353.67
test_4030	37206818.45
test_4031	27451309.48
test_4032	35161875.8
test_4033	35270850.39
test_4034	33184605.8
test_4035	31649016.91
test_4036	22202814.15
test_4037	25069989.42
test_4038	28405009.81
test_4039	26108412.41
test_4040	31863431.26
test_4041	31863431.26
test_4042	31603508.52
test_4043	18748047.85
test_4044	18872647.72
test_4045	19495666.08
test_4046	38221819.7
test_4047	38440174.4
test_4048	38475672.97
test_4049	38318662.23
test_4050	37253643.83
test_4051	37152811.27
test_4052	37520819.48
test_4053	37214236.42
test_4054	42241176.73
test_4055	38513150.33
test_4056	34754681.54
test_4057	31556022.31
test_4058	23108971.02
test_4059	21640397.76
test_4060	36943594.48
test_4061	37179482.59
test_4062	37179482.59
test_4063	37179482.59
test_4064	36943594.48
test_4065	37179482.59
test_4066	37179482.59
test_4067	32387950.77
test_4068	23492178.34
test_4069	19138992.18
test_4070	19392854.34
test_4071	18997102.44
test_4072	18994588.98
test_4073	35777578.98
test_4074	35899716.73
test_4075	23298520.66
test_4076	23253247.27
test_4077	23253247.27
test_4078	23346955.05
test_4079	32552670.05
test_4080	27860841.06
test_4081	27831934.02
test_4082	30257495.92
test_4083	20210668.81
test_4084	20556508.42
test_4085	20236911.93
test_4086	20020693.25
test_4087	25152115.03
test_4088	23363528.96
test_4089	23736586.85
test_4090	22089829.95
test_4091	23574513.6
test_4092	27707586.54
test_4093	27357551.61
test_4094	27975537.2
test_4095	30886813.84
test_4096	30631703.36
test_4097	25452966.04
test_4098	21795465.93
test_4099	26215585.77
test_4100	25690153.2
test_4101	32166079.03
test_4102	32189489.86
test_4103	31826117.74
test_4104	24750131.25
test_4105	24046305.09
test_4106	24002795.27
test_4107	21144928.8
test_4108	18438626.16
test_4109	27722651.39
test_4110	28078502.8
test_4111	30389563.26
test_4112	24016441.92
test_4113	25368498.95
test_4114	25659100.96
test_4115	23589612.02
test_4116	25564146.89
test_4117	23347618
test_4118	23258903.67
test_4119	23605545.83
test_4120	23101032.55
test_4121	25163991.97
test_4122	35508407.2
test_4123	21750732.16
test_4124	21470038.06
test_4125	21505985.5
test_4126	22219038.06
test_4127	21142083.97
test_4128	22142725.48
test_4129	34658665.02
test_4130	38478440.87
test_4131	30757106.67
test_4132	25654029.93
test_4133	24035848.82
test_4134	23670150.43
test_4135	21294415.73
test_4136	23631133.44
test_4137	23559473.64
test_4138	40438536.26
test_4139	37792953.03
test_4140	20929743.48
test_4141	18964292.72
test_4142	18894317.08
test_4143	20859767.85
test_4144	23236716.08
test_4145	22801182.02
test_4146	23236716.08
test_4147	31973209.2
test_4148	35936312.2
test_4149	35936312.2
test_4150	36346168.83
test_4151	22693219.25
test_4152	40152204.11
test_4153	25872778.96
test_4154	26223559.12
test_4155	19469314.43
test_4156	19846172.27
test_4157	37170875.57
test_4158	37074340.99
test_4159	28678160.95
test_4160	29327701.99
test_4161	31423603.66
test_4162	30882861.31
test_4163	16760516.84
test_4164	16969283.86
test_4165	18960572.27
test_4166	16649653.27
test_4167	18993003.63
test_4168	18849708.71
test_4169	18596670.75
test_4170	16858420.29
test_4171	31453072.68
test_4172	21263046.06
test_4173	21244539.15
test_4174	19409188.89
test_4175	22459745.6
test_4176	22459745.6
test_4177	34738177.3
test_4178	37328504.41
test_4179	39597371.9
test_4180	32108036.84
test_4181	27282841.22
test_4182	18490651.46
test_4183	17938583.77
test_4184	27508268.73
test_4185	26988438.72
test_4186	23901444.75
test_4187	24733645.4
test_4188	28923834.02
test_4189	26025548.34
test_4190	22948286.49
test_4191	25135611.8
test_4192	28556918.65
test_4193	22039546.77
test_4194	25393707.68
test_4195	30816379.27
test_4196	29398872.53
test_4197	28888710.85
test_4198	26615889.44
test_4199	28032557.45
test_4200	21764543.26
test_4201	24837554.44
test_4202	23508494.42
test_4203	21293848.8
test_4204	23578809.93
test_4205	23712129.14
test_4206	34110462.62
test_4207	29101935.69
test_4208	29101935.69
test_4209	30057540.92
test_4210	33409003.04
test_4211	18494013.39
test_4212	18486120.74
test_4213	18961044.83
test_4214	19092898.09
test_4215	25039062.26
test_4216	24851713.67
test_4217	28232175.64
test_4218	27064488.22
test_4219	38696003.44
test_4220	20086078.54
test_4221	21221438.14
test_4222	26449171.9
test_4223	27971128.6
test_4224	25376309.01
test_4225	25495016.74
test_4226	25123644.01
test_4227	25381729.79
test_4228	28196173.91
test_4229	28807088.12
test_4230	29655572.03
test_4231	28053821.87
test_4232	25495016.74
test_4233	26927405.07
test_4234	25693043.55
test_4235	40005373.21
test_4236	30979353.27
test_4237	27886234.12
test_4238	27880779.1
test_4239	22027128.6
test_4240	22480071.06
test_4241	36478331.26
test_4242	36478331.26
test_4243	39293534.58
test_4244	39305290.1
test_4245	25316403.87
test_4246	30576530.9
test_4247	20721102.37
test_4248	20768719.62
test_4249	20685482.26
test_4250	20941369.76
test_4251	24808691.33
test_4252	29742658.29
test_4253	32095538.2
test_4254	28621261.87
test_4255	28903233.47
test_4256	23796756.74
test_4257	23659427.41
test_4258	27362507.98
test_4259	27721704.51
test_4260	32711320.22
test_4261	24332456.86
test_4262	24867820.05
test_4263	30438229.3
test_4264	18566616.93
test_4265	37625785.41
test_4266	37625785.41
test_4267	19659284.08
test_4268	19369294.05
test_4269	20517622.39
test_4270	31187611.37
test_4271	31187611.37
test_4272	27492421.34
